id,score,created_at,updated_at,user_id,seen_live,event_id
68,0,2015-01-24 16:14:02.988737,2015-01-24 16:14:02.988737,15,,
126,0,2015-02-06 15:55:19.77734,2015-02-06 15:55:19.77734,15,,21
157,3,2015-03-10 15:25:46.272732,2015-03-10 15:26:51.317518,19,,46
127,5,2015-02-06 16:12:54.163827,2015-02-06 18:29:26.524617,15,,22
73,0,2015-01-24 18:40:19.787736,2015-01-24 18:40:19.787736,15,,
128,0,2015-02-09 18:26:40.185288,2015-02-09 18:26:40.185288,15,,23
129,0,2015-02-09 18:36:47.989983,2015-02-09 18:36:47.989983,15,,24
75,0,2015-01-24 19:28:44.868595,2015-01-24 19:28:44.868595,15,,
130,0,2015-02-09 18:37:05.615495,2015-02-09 18:37:05.615495,15,,25
76,5,2015-01-24 20:11:23.033229,2015-01-24 20:15:18.168747,17,,4
78,0,2015-01-25 05:11:49.331815,2015-01-25 05:11:49.331815,16,,
79,0,2015-01-25 05:13:09.567619,2015-01-25 05:13:09.567619,16,,
80,0,2015-01-25 05:14:13.79161,2015-01-25 05:14:13.79161,16,,
131,0,2015-02-09 18:42:08.255418,2015-02-09 18:42:08.255418,15,,26
81,5,2015-01-25 05:59:04.649387,2015-01-25 05:59:18.358652,16,,
82,5,2015-01-26 13:37:34.070678,2015-01-26 13:37:39.435483,15,,
17,0,2015-01-15 22:34:15.771949,2015-01-15 22:34:15.771949,,,
132,0,2015-02-09 18:49:43.632931,2015-02-09 18:49:43.632931,15,,4
83,3,2015-01-26 13:38:57.511593,2015-01-26 13:43:01.978122,15,,5
74,0,2015-01-24 19:10:17.556945,2015-01-26 14:48:25.873127,15,,6
84,0,2015-01-26 15:37:41.04316,2015-01-26 15:37:41.04316,15,,
85,0,2015-01-26 19:03:05.024947,2015-01-26 19:03:05.024947,15,,
87,0,2015-01-26 19:08:24.79443,2015-01-26 19:08:24.79443,15,,
134,4,2015-02-10 03:13:01.545649,2015-04-19 22:29:01.821916,15,,28
86,4,2015-01-26 19:08:10.887405,2015-01-26 19:11:40.177326,15,,7
88,0,2015-01-26 19:16:19.837468,2015-01-26 19:16:19.837468,2,,
135,0,2015-02-10 20:19:27.52237,2015-02-10 20:19:27.52237,15,,29
90,4,2015-01-27 20:44:39.94511,2015-01-27 20:48:12.936922,21,,8
91,0,2015-01-27 20:48:36.594776,2015-01-27 20:48:36.594776,21,,
89,2,2015-01-27 20:42:44.549779,2015-01-27 20:51:10.298566,21,,9
92,0,2015-01-28 16:23:06.209608,2015-01-28 16:23:06.209608,15,,
93,0,2015-01-28 16:54:02.871347,2015-01-28 16:54:02.871347,15,,
94,0,2015-01-28 19:41:30.184243,2015-01-28 19:41:30.184243,15,,
95,0,2015-01-28 21:08:29.033769,2015-01-28 21:08:29.033769,23,,
96,0,2015-01-28 21:42:27.482576,2015-01-28 21:42:27.482576,15,,
97,0,2015-01-29 16:29:49.078652,2015-01-29 16:29:49.078652,15,,
98,0,2015-01-29 19:38:03.844117,2015-01-29 19:38:03.844117,15,,
99,0,2015-01-29 21:34:19.936437,2015-01-29 21:34:19.936437,23,,
100,0,2015-01-29 21:35:14.532467,2015-01-29 21:35:14.532467,23,,
101,0,2015-01-29 21:36:10.431702,2015-01-29 21:36:10.431702,23,,
102,0,2015-01-30 16:31:41.239884,2015-01-30 16:31:41.239884,15,,
103,0,2015-01-30 16:34:16.050926,2015-01-30 16:34:16.050926,15,,
104,0,2015-01-30 16:34:31.670255,2015-01-30 16:34:31.670255,15,,
105,0,2015-01-30 19:45:52.57985,2015-01-30 19:45:52.57985,15,,
106,0,2015-01-31 13:03:55.698815,2015-01-31 13:03:55.698815,15,,
136,0,2015-02-11 22:38:00.956402,2015-02-11 22:38:00.956402,15,,30
108,4,2015-02-01 14:55:34.171113,2015-02-01 14:57:48.181115,15,,10
107,4,2015-02-01 14:50:18.409588,2015-02-01 15:33:34.866368,15,,
77,3,2015-01-25 05:07:14.262305,2015-02-02 01:55:18.579323,16,,11
109,0,2015-02-02 18:40:27.947845,2015-02-02 18:40:27.947845,15,,
110,0,2015-02-02 18:57:57.904137,2015-02-02 18:57:57.904137,15,,
111,0,2015-02-02 20:17:56.737723,2015-02-02 20:17:56.737723,15,,
112,0,2015-02-02 20:34:17.006486,2015-02-02 20:34:17.006486,15,,
113,0,2015-02-02 21:30:12.563081,2015-02-02 21:30:12.563081,15,,
114,0,2015-02-02 23:52:29.416112,2015-02-02 23:52:29.416112,15,,
71,4,2015-01-24 16:55:22.594221,2015-02-03 17:00:51.743643,16,,12
72,5,2015-01-24 17:19:07.350335,2015-02-03 17:06:40.861575,16,,13
115,0,2015-02-03 17:07:45.665772,2015-02-03 17:07:45.665772,15,,11
116,0,2015-02-03 17:09:51.294926,2015-02-03 17:09:51.294926,15,,8
117,0,2015-02-03 17:10:28.106989,2015-02-03 17:10:28.106989,15,,13
118,0,2015-02-03 17:11:43.898283,2015-02-03 17:11:43.898283,15,,14
137,4,2015-02-12 00:19:40.117433,2015-02-12 00:19:51.641916,26,,31
138,0,2015-02-12 00:35:28.266976,2015-02-12 00:35:28.266976,15,,31
140,0,2015-02-15 02:14:43.881784,2015-02-15 02:14:43.881784,18,,32
119,0,2015-02-03 20:12:49.93579,2015-02-03 20:13:48.298076,15,,15
120,0,2015-02-03 22:18:13.433005,2015-02-03 22:18:13.433005,15,,16
121,0,2015-02-03 23:06:10.638793,2015-02-03 23:06:10.638793,15,,17
122,0,2015-02-03 23:08:23.992962,2015-02-03 23:08:23.992962,15,,12
123,0,2015-02-04 02:52:31.440927,2015-02-04 02:52:31.440927,19,,18
124,0,2015-02-04 19:00:09.737677,2015-02-04 19:00:09.737677,15,,19
125,0,2015-02-05 16:54:44.421439,2015-02-05 16:54:44.421439,15,,20
143,0,2015-02-16 16:48:56.179339,2015-02-16 16:48:56.179339,15,,35
144,4,2015-02-16 22:01:22.147376,2015-02-16 22:11:49.631882,18,,33
145,0,2015-02-17 18:56:02.396215,2015-02-17 18:56:02.396215,15,,36
146,0,2015-02-17 20:38:31.425493,2015-02-17 20:38:31.425493,15,,37
147,0,2015-02-17 20:38:46.144967,2015-02-17 20:38:46.144967,15,,38
148,0,2015-02-17 21:21:06.296236,2015-02-17 21:21:06.296236,15,,39
149,0,2015-02-17 21:22:35.179991,2015-02-17 21:22:35.179991,15,,40
150,0,2015-02-17 21:22:41.767703,2015-02-17 21:22:41.767703,15,,41
151,0,2015-02-17 21:45:59.6359,2015-02-17 21:45:59.6359,15,,42
153,0,2015-02-20 17:48:50.536995,2015-02-20 17:48:50.536995,27,,43
152,5,2015-02-19 20:52:31.152916,2015-03-02 18:04:30.061668,27,,44
154,5,2015-02-21 20:47:49.817365,2015-03-02 18:05:11.282032,21,,44
139,5,2015-02-12 18:51:09.613665,2015-03-02 18:05:16.308466,15,,44
156,4,2015-03-02 22:39:08.603375,2015-03-02 22:39:13.900349,15,,45
158,5,2015-03-13 14:29:02.972494,2015-03-13 14:29:08.146994,15,,47
159,4,2015-03-13 16:31:14.603265,2015-03-13 16:31:31.413092,2,,48
160,5,2015-03-15 17:51:03.353652,2015-03-15 17:54:13.739357,18,,49
161,3,2015-03-20 18:44:06.660632,2015-03-20 18:44:12.7389,15,,50
162,4,2015-03-23 14:38:13.884946,2015-03-23 14:38:21.962337,28,,51
163,4,2015-03-23 14:54:11.124033,2015-03-23 14:54:21.385665,15,,52
166,0,2015-03-26 19:50:32.893235,2015-03-26 19:50:32.893235,15,,56
164,0,2015-03-26 19:35:21.834443,2015-03-26 19:35:21.834443,15,,53
165,0,2015-03-26 19:35:26.886763,2015-03-26 19:35:26.886763,15,,54
141,4,2015-02-16 16:39:15.845991,2015-03-26 19:45:00.210642,15,,55
167,0,2015-03-30 21:56:32.975361,2015-03-30 21:56:32.975361,15,,57
168,0,2015-03-31 16:04:22.031969,2015-03-31 16:04:22.031969,15,,58
169,0,2015-03-31 16:32:26.476348,2015-03-31 16:32:26.476348,15,,59
69,1,2015-01-24 16:15:41.469484,2015-04-05 23:07:43.000596,15,,1
170,3,2015-04-05 23:01:09.194411,2015-04-05 23:03:31.627903,15,,60
133,4,2015-02-09 21:24:53.818186,2015-04-10 19:03:36.428886,19,,65
155,5,2015-03-02 18:17:52.260586,2015-04-10 17:55:17.038644,15,,27
142,3,2015-02-16 16:40:51.319841,2015-09-18 16:25:29.423529,15,,34
171,3,2015-04-05 23:17:14.073194,2015-04-05 23:17:18.396856,15,,61
172,4,2015-04-05 23:22:13.540296,2015-04-05 23:22:20.06001,15,,62
173,0,2015-04-06 01:55:04.84015,2015-04-06 01:55:04.84015,15,,
174,0,2015-04-08 00:20:52.27051,2015-04-08 00:20:52.27051,15,,
175,0,2015-04-08 04:14:23.281257,2015-04-08 04:14:23.281257,15,,
176,0,2015-04-08 14:20:48.566779,2015-04-08 14:20:48.566779,15,,
177,0,2015-04-08 14:21:12.171627,2015-04-08 14:21:12.171627,15,,
178,0,2015-04-08 16:47:29.415989,2015-04-08 16:47:29.415989,15,,
179,0,2015-04-08 16:47:58.64628,2015-04-08 16:47:58.64628,15,,
180,0,2015-04-08 16:48:46.562464,2015-04-08 16:48:46.562464,15,,
181,0,2015-04-08 16:49:07.241199,2015-04-08 16:49:07.241199,15,,
182,0,2015-04-08 16:49:15.200427,2015-04-08 16:49:15.200427,15,,
183,0,2015-04-08 20:08:32.656431,2015-04-08 20:08:32.656431,15,,
184,0,2015-04-08 20:09:33.275756,2015-04-08 20:09:33.275756,15,,
185,0,2015-04-08 21:00:23.673264,2015-04-08 21:00:23.673264,15,,
186,0,2015-04-08 21:07:01.530677,2015-04-08 21:07:01.530677,15,,63
187,0,2015-04-08 21:07:08.035915,2015-04-08 21:07:08.035915,15,,
188,0,2015-04-08 21:09:40.900003,2015-04-08 21:09:40.900003,15,,
189,0,2015-04-08 21:10:01.066719,2015-04-08 21:10:01.066719,15,,
190,0,2015-04-08 21:10:43.719305,2015-04-08 21:10:43.719305,15,,
191,0,2015-04-08 21:28:32.2231,2015-04-08 21:28:32.2231,15,,
192,0,2015-04-09 17:59:52.204522,2015-04-09 17:59:52.204522,15,,64
193,0,2015-04-09 18:41:09.438001,2015-04-09 18:41:09.438001,15,,
194,0,2015-04-09 18:46:24.738242,2015-04-09 18:46:24.738242,15,,
195,0,2015-04-09 18:56:14.032237,2015-04-09 18:56:14.032237,15,,
196,0,2015-04-09 19:10:18.126298,2015-04-09 19:10:18.126298,15,,
197,0,2015-04-10 17:53:16.427318,2015-04-10 17:53:16.427318,15,,
198,0,2015-04-10 19:04:02.751505,2015-04-10 19:04:02.751505,15,,
199,0,2015-04-10 19:06:06.000127,2015-04-10 19:06:06.000127,15,,
200,0,2015-04-10 19:06:21.054368,2015-04-10 19:06:21.054368,15,,
242,0,2015-04-24 21:29:32.91876,2015-04-24 21:29:32.91876,15,,
202,0,2015-04-10 19:29:11.694351,2015-04-10 19:29:11.694351,15,,
203,0,2015-04-10 19:29:28.19482,2015-04-10 19:29:28.19482,15,,
204,0,2015-04-10 20:28:18.449411,2015-04-10 20:28:18.449411,15,,
205,0,2015-04-10 20:28:39.606771,2015-04-10 20:28:39.606771,15,,
206,0,2015-04-10 21:12:15.348858,2015-04-10 21:12:15.348858,15,,
207,0,2015-04-10 21:12:36.508696,2015-04-10 21:12:36.508696,15,,
208,0,2015-04-10 21:20:27.497025,2015-04-10 21:20:27.497025,15,,
243,0,2015-04-24 21:29:37.823715,2015-04-24 21:29:37.823715,15,,78
209,3,2015-04-10 21:21:28.530705,2015-04-10 21:23:27.409936,15,,67
244,0,2015-04-27 00:17:18.874919,2015-04-27 00:17:18.874919,32,,
210,4,2015-04-12 16:31:16.163319,2015-04-12 16:35:51.143767,15,,68
211,0,2015-04-12 16:38:06.455573,2015-04-12 16:38:06.455573,15,,69
212,3,2015-04-12 16:41:31.333097,2015-04-12 16:43:33.071399,15,,70
213,0,2015-04-12 23:27:31.159918,2015-04-12 23:27:31.159918,15,,
214,0,2015-04-13 02:08:30.087651,2015-04-13 02:08:30.087651,15,,71
215,0,2015-04-13 02:49:20.471293,2015-04-13 02:49:20.471293,15,,
216,0,2015-04-13 20:46:00.605406,2015-04-13 20:46:00.605406,15,,
261,0,2015-04-30 21:45:29.356253,2015-04-30 21:45:29.356253,15,,
217,3,2015-04-14 02:28:05.047676,2015-04-14 02:29:52.665585,30,,72
218,0,2015-04-14 04:18:26.736864,2015-04-14 04:18:26.736864,15,,
219,0,2015-04-14 20:13:27.53957,2015-04-14 20:13:27.53957,15,,
245,3,2015-04-27 00:19:07.082502,2015-04-27 00:23:38.678744,15,,80
220,5,2015-04-14 21:39:30.643614,2015-04-14 21:42:41.336522,15,,73
246,0,2015-04-27 23:07:09.487477,2015-04-27 23:07:09.487477,15,,
221,3,2015-04-16 15:48:45.611962,2015-04-16 18:05:01.503545,15,,74
222,3,2015-04-17 15:02:08.293331,2015-04-17 15:03:05.509984,31,,
247,3,2015-04-27 23:14:17.617468,2015-04-27 23:15:19.519084,15,,81
223,3,2015-04-18 19:39:50.333656,2015-04-18 19:41:28.491191,15,,75
224,0,2015-04-21 13:16:08.988689,2015-04-21 13:16:08.988689,15,,
225,0,2015-04-21 13:41:55.01451,2015-04-21 13:41:55.01451,15,,
226,0,2015-04-21 16:53:12.273587,2015-04-21 16:53:12.273587,15,,
227,0,2015-04-22 01:53:02.173096,2015-04-22 01:53:02.173096,15,,
228,3,2015-04-22 10:56:36.087681,2015-04-22 10:56:36.087681,15,,76
229,0,2015-04-22 11:05:47.299839,2015-04-22 11:05:47.299839,15,,
248,0,2015-04-27 23:16:33.458612,2015-04-27 23:16:33.458612,15,,
230,4,2015-04-22 22:07:47.973142,2015-04-22 22:24:00.296782,15,,77
231,0,2015-04-23 02:09:33.999654,2015-04-23 02:09:33.999654,15,,
232,0,2015-04-23 02:10:03.341804,2015-04-23 02:10:03.341804,15,,
233,0,2015-04-23 12:54:01.493549,2015-04-23 12:54:01.493549,15,,
234,0,2015-04-23 13:00:00.964058,2015-04-23 13:00:00.964058,15,,
235,4,2015-04-24 19:36:36.273644,2015-04-24 19:40:08.658069,21,,78
236,0,2015-04-24 19:40:11.341318,2015-04-24 19:40:11.341318,21,,
237,0,2015-04-24 19:56:08.439107,2015-04-24 19:56:08.439107,15,,
238,0,2015-04-24 20:17:29.615399,2015-04-24 20:17:29.615399,15,,
239,0,2015-04-24 20:17:46.688546,2015-04-24 20:17:46.688546,15,,
249,3,2015-04-28 00:11:16.703011,2015-04-28 01:03:07.01576,15,,
240,4,2015-04-24 20:21:56.928206,2015-04-24 20:23:45.43535,15,,79
241,0,2015-04-24 20:25:20.737525,2015-04-24 20:25:20.737525,15,,
250,4,2015-04-28 15:02:09.502353,2015-04-28 15:02:17.582944,15,,
251,0,2015-04-28 19:20:07.919261,2015-04-28 19:20:07.919261,15,,
252,0,2015-04-28 19:32:34.196141,2015-04-28 19:32:34.196141,15,,
253,0,2015-04-28 19:50:55.412336,2015-04-28 19:50:55.412336,15,,82
254,0,2015-04-28 21:08:30.048266,2015-04-28 21:08:30.048266,15,,
255,0,2015-04-28 22:20:16.562034,2015-04-28 22:20:16.562034,15,,
256,0,2015-04-29 03:25:17.163003,2015-04-29 03:25:17.163003,15,,
257,0,2015-04-29 03:26:06.912079,2015-04-29 03:26:06.912079,15,,
258,0,2015-04-29 13:35:21.784043,2015-04-29 13:35:21.784043,15,,
259,0,2015-04-29 13:41:27.003752,2015-04-29 13:41:27.003752,15,,
260,0,2015-04-30 21:38:37.409552,2015-04-30 21:38:37.409552,15,,
263,3,2015-05-01 14:43:17.058222,2015-05-01 14:45:07.702602,15,,84
262,4,2015-04-30 22:28:05.405264,2015-04-30 22:30:23.005431,33,,83
264,4,2015-05-01 15:14:16.905024,2015-05-01 15:18:01.85311,15,,85
266,0,2015-05-01 17:46:47.536426,2015-05-01 17:46:47.536426,15,,
265,0,2015-05-01 15:18:01.979441,2015-05-01 15:18:01.979441,15,,
267,0,2015-05-04 02:04:08.876298,2015-05-04 02:04:08.876298,15,,
268,0,2015-05-04 14:54:37.441554,2015-05-04 14:54:37.441554,15,,
269,4,2015-05-04 14:54:37.708036,2015-05-04 14:54:42.628437,15,,
271,0,2015-05-04 14:56:27.560225,2015-05-04 14:56:27.560225,15,,
273,0,2015-05-04 14:56:52.171941,2015-05-04 14:56:52.171941,15,,
274,0,2015-05-04 14:57:03.152166,2015-05-04 14:57:03.152166,15,,
275,0,2015-05-04 18:08:22.666814,2015-05-04 18:08:22.666814,15,,
276,0,2015-05-04 18:08:52.085058,2015-05-04 18:08:52.085058,15,,
277,0,2015-05-04 18:09:24.491136,2015-05-04 18:09:24.491136,15,,
278,0,2015-05-04 18:10:28.166914,2015-05-04 18:10:28.166914,15,,
279,0,2015-05-04 18:10:48.247679,2015-05-04 18:10:48.247679,15,,
280,0,2015-05-04 18:13:10.863677,2015-05-04 18:13:10.863677,15,,
281,0,2015-05-04 18:21:07.003868,2015-05-04 18:21:07.003868,15,,
282,0,2015-05-04 18:22:13.355328,2015-05-04 18:22:13.355328,15,,
283,0,2015-05-04 18:33:43.319352,2015-05-04 18:33:43.319352,15,,
284,0,2015-05-04 18:33:50.654679,2015-05-04 18:33:50.654679,15,,
285,0,2015-05-04 18:33:58.635325,2015-05-04 18:33:58.635325,15,,
286,0,2015-05-04 18:34:12.702877,2015-05-04 18:34:12.702877,15,,
287,0,2015-05-04 18:40:03.820693,2015-05-04 18:40:03.820693,15,,
288,0,2015-05-04 18:45:26.466036,2015-05-04 18:45:26.466036,15,,
289,0,2015-05-04 18:45:57.35949,2015-05-04 18:45:57.35949,15,,
290,0,2015-05-04 20:11:19.189767,2015-05-04 20:11:19.189767,15,,
291,0,2015-05-05 13:28:29.966751,2015-05-05 13:28:29.966751,15,,
292,0,2015-05-05 13:31:56.485693,2015-05-05 13:31:56.485693,15,,
293,0,2015-05-05 13:32:16.926386,2015-05-05 13:32:16.926386,15,,
294,0,2015-05-05 13:35:11.334227,2015-05-05 13:35:11.334227,15,,
295,0,2015-05-05 13:41:23.926138,2015-05-05 13:41:23.926138,15,,
296,0,2015-05-05 13:41:36.643289,2015-05-05 13:41:36.643289,15,,
297,0,2015-05-05 13:42:00.029257,2015-05-05 13:42:00.029257,15,,
298,0,2015-05-05 13:43:03.433054,2015-05-05 13:43:03.433054,15,,
299,0,2015-05-05 13:43:12.219658,2015-05-05 13:43:12.219658,15,,
300,0,2015-05-05 13:43:18.698209,2015-05-05 13:43:18.698209,15,,
301,0,2015-05-05 13:43:24.192206,2015-05-05 13:43:24.192206,15,,
302,0,2015-05-05 20:11:05.001004,2015-05-05 20:11:05.001004,15,,
303,0,2015-05-06 15:19:33.705584,2015-05-06 15:19:33.705584,15,,
304,0,2015-05-06 15:29:01.062316,2015-05-06 15:29:01.062316,15,,
305,0,2015-05-06 16:06:46.985283,2015-05-06 16:06:46.985283,15,,
306,0,2015-05-06 16:07:11.48978,2015-05-06 16:07:11.48978,15,,
307,0,2015-05-06 16:08:36.988273,2015-05-06 16:08:36.988273,15,,
308,0,2015-05-06 16:43:55.53672,2015-05-06 16:43:55.53672,15,,
309,0,2015-05-06 16:48:35.413966,2015-05-06 16:48:35.413966,15,,
310,0,2015-05-06 16:56:30.925425,2015-05-06 16:56:30.925425,15,,
311,0,2015-05-06 16:59:36.151062,2015-05-06 16:59:36.151062,15,,
312,0,2015-05-06 16:59:42.942176,2015-05-06 16:59:42.942176,15,,
313,0,2015-05-06 17:20:47.653005,2015-05-06 17:20:47.653005,15,,
314,0,2015-05-06 17:21:06.091992,2015-05-06 17:21:06.091992,15,,
315,0,2015-05-06 17:32:22.390296,2015-05-06 17:32:22.390296,15,,
316,0,2015-05-06 18:54:30.301333,2015-05-06 18:54:30.301333,15,,
317,0,2015-05-06 18:54:36.40234,2015-05-06 18:54:36.40234,15,,
318,0,2015-05-06 20:07:59.609447,2015-05-06 20:07:59.609447,15,,
319,0,2015-05-06 20:09:46.511904,2015-05-06 20:09:46.511904,15,,
320,0,2015-05-06 20:09:53.203735,2015-05-06 20:09:53.203735,15,,
321,0,2015-05-06 20:10:38.728224,2015-05-06 20:10:38.728224,15,,
322,0,2015-05-06 21:07:39.250289,2015-05-06 21:07:39.250289,15,,
323,0,2015-05-06 21:08:01.763833,2015-05-06 21:08:01.763833,15,,
324,0,2015-05-06 21:11:23.67032,2015-05-06 21:11:23.67032,15,,
325,0,2015-05-06 21:18:24.184964,2015-05-06 21:18:24.184964,15,,
326,0,2015-05-06 21:19:06.192179,2015-05-06 21:19:06.192179,15,,
327,0,2015-05-06 21:19:15.433477,2015-05-06 21:19:15.433477,15,,
328,0,2015-05-06 22:23:07.761851,2015-05-06 22:23:07.761851,15,,
329,0,2015-05-06 22:23:12.623418,2015-05-06 22:23:12.623418,15,,
330,0,2015-05-06 22:30:18.234484,2015-05-06 22:30:18.234484,15,,
331,0,2015-05-06 22:34:33.637353,2015-05-06 22:34:33.637353,15,,
332,0,2015-05-06 22:34:39.903267,2015-05-06 22:34:39.903267,15,,
333,0,2015-05-06 22:35:20.491674,2015-05-06 22:35:20.491674,15,,
334,0,2015-05-06 22:35:49.553098,2015-05-06 22:35:49.553098,15,,
335,0,2015-05-06 22:36:35.313472,2015-05-06 22:36:35.313472,15,,
336,0,2015-05-06 22:38:00.084337,2015-05-06 22:38:00.084337,15,,
337,0,2015-05-07 03:56:31.766476,2015-05-07 03:56:31.766476,15,,
338,0,2015-05-07 03:57:43.850101,2015-05-07 03:57:43.850101,15,,
339,0,2015-05-07 14:52:05.240976,2015-05-07 14:52:05.240976,15,,
341,0,2015-05-08 17:34:39.69785,2015-05-08 17:34:39.69785,27,,
342,3,2015-05-08 17:35:05.634404,2015-05-08 17:38:03.591878,27,,88
343,0,2015-05-08 17:38:06.798527,2015-05-08 17:38:06.798527,27,,
344,0,2015-05-08 17:38:55.598108,2015-05-08 17:38:55.598108,15,,
345,0,2015-05-08 17:40:08.926655,2015-05-08 17:40:08.926655,15,,
346,0,2015-05-08 17:40:45.202113,2015-05-08 17:40:45.202113,15,,88
347,0,2015-05-08 17:40:55.006822,2015-05-08 17:40:55.006822,15,,
348,0,2015-05-08 18:20:48.944985,2015-05-08 18:20:48.944985,15,,
349,0,2015-05-08 18:21:55.154887,2015-05-08 18:21:55.154887,15,,
350,0,2015-05-08 18:26:41.063375,2015-05-08 18:26:41.063375,15,,
351,0,2015-05-08 18:35:42.41029,2015-05-08 18:35:42.41029,15,,
352,0,2015-05-08 18:39:23.087439,2015-05-08 18:39:23.087439,15,,
353,0,2015-05-08 18:39:38.613345,2015-05-08 18:39:38.613345,15,,
354,0,2015-05-08 18:47:45.264252,2015-05-08 18:47:45.264252,15,,
355,0,2015-05-08 18:52:15.676339,2015-05-08 18:52:15.676339,15,,
356,0,2015-05-08 18:53:29.920699,2015-05-08 18:53:29.920699,15,,
357,0,2015-05-08 19:11:26.685129,2015-05-08 19:11:26.685129,15,,
358,0,2015-05-12 01:02:07.62029,2015-05-12 01:02:07.62029,15,,
374,0,2015-05-19 02:38:14.942154,2015-05-19 02:38:14.942154,15,,
375,0,2015-05-19 02:42:47.926497,2015-05-19 02:42:47.926497,15,,
367,0,2015-05-18 14:52:28.10183,2015-05-18 14:52:28.10183,15,,
360,3,2015-05-13 14:21:10.142175,2015-05-13 15:36:07.125784,15,,90
361,0,2015-05-13 15:36:07.29454,2015-05-13 15:36:07.29454,15,,
365,4,2015-05-15 16:03:48.516053,2015-05-18 14:51:56.644809,15,,
368,0,2015-05-18 14:54:26.507526,2015-05-18 14:54:26.507526,15,,
376,0,2015-05-19 03:07:00.612801,2015-05-19 03:07:00.612801,15,,
369,4,2015-05-18 14:54:58.863918,2015-05-18 14:56:54.869709,15,,92
370,0,2015-05-18 14:56:54.943261,2015-05-18 14:56:54.943261,15,,
371,0,2015-05-18 17:44:57.035191,2015-05-18 17:44:57.035191,15,,
372,0,2015-05-18 18:07:51.389147,2015-05-18 18:07:51.389147,15,,
373,0,2015-05-18 18:09:26.936785,2015-05-18 18:09:26.936785,15,,
377,0,2015-05-20 00:06:10.533115,2015-05-20 00:06:10.533115,15,,
378,0,2015-05-20 00:06:18.564587,2015-05-20 00:06:18.564587,15,,
379,0,2015-05-20 00:10:14.506215,2015-05-20 00:10:14.506215,15,,
380,0,2015-05-20 00:17:48.003596,2015-05-20 00:17:48.003596,15,,
381,0,2015-05-20 00:18:26.945918,2015-05-20 00:18:26.945918,15,,
382,0,2015-05-20 00:37:38.526366,2015-05-20 00:37:38.526366,15,,
383,0,2015-05-20 00:38:02.794237,2015-05-20 00:38:02.794237,15,,
384,0,2015-05-20 14:22:13.184472,2015-05-20 14:22:13.184472,15,,
385,0,2015-05-20 16:55:11.412993,2015-05-20 16:55:11.412993,15,,
386,0,2015-05-20 18:20:38.943868,2015-05-20 18:20:38.943868,15,,
387,0,2015-05-20 18:21:21.291163,2015-05-20 18:21:21.291163,15,,
388,0,2015-05-20 18:21:28.645414,2015-05-20 18:21:28.645414,15,,
389,0,2015-05-20 19:02:14.877162,2015-05-20 19:02:14.877162,15,,
390,0,2015-05-20 21:28:19.786844,2015-05-20 21:28:19.786844,15,,
391,0,2015-05-20 21:28:26.114449,2015-05-20 21:28:26.114449,15,,
392,0,2015-05-20 21:31:19.079998,2015-05-20 21:31:19.079998,15,,
393,0,2015-05-20 21:44:10.003756,2015-05-20 21:44:10.003756,15,,
394,0,2015-05-22 12:44:42.621475,2015-05-22 12:44:42.621475,15,,
395,0,2015-05-22 12:44:49.420886,2015-05-22 12:44:49.420886,15,,
396,0,2015-05-22 13:55:40.433454,2015-05-22 13:55:40.433454,15,,
397,0,2015-05-22 14:43:13.094776,2015-05-22 14:43:13.094776,15,,
398,0,2015-05-22 16:07:33.328803,2015-05-22 16:07:33.328803,15,,
399,0,2015-05-22 16:07:41.800835,2015-05-22 16:07:41.800835,15,,
400,0,2015-05-22 17:29:50.152265,2015-05-22 17:29:50.152265,15,,
401,0,2015-05-22 17:29:55.465476,2015-05-22 17:29:55.465476,15,,
402,0,2015-05-22 17:30:14.878658,2015-05-22 17:30:14.878658,15,,
403,0,2015-05-22 17:30:18.50202,2015-05-22 17:30:18.50202,15,,
404,0,2015-05-22 17:32:15.143317,2015-05-22 17:32:15.143317,15,,
405,0,2015-05-22 18:23:19.265401,2015-05-22 18:23:19.265401,15,,
406,0,2015-05-22 18:25:27.71736,2015-05-22 18:25:27.71736,15,,
407,0,2015-05-22 18:44:45.992921,2015-05-22 18:44:45.992921,15,,
408,0,2015-05-22 18:48:13.629693,2015-05-22 18:48:13.629693,15,,
409,0,2015-05-22 18:49:02.72469,2015-05-22 18:49:02.72469,15,,
410,0,2015-05-22 18:49:07.838526,2015-05-22 18:49:07.838526,15,,
411,0,2015-05-22 18:49:32.95803,2015-05-22 18:49:32.95803,15,,
412,0,2015-05-27 15:47:13.246189,2015-05-27 15:47:13.246189,15,,
413,0,2015-05-27 18:35:51.672621,2015-05-27 18:35:51.672621,15,,
414,0,2015-05-27 18:52:50.696135,2015-05-27 18:52:50.696135,15,,
415,0,2015-05-27 18:52:57.992346,2015-05-27 18:52:57.992346,15,,
416,4,2015-05-27 19:15:10.804151,2015-05-27 19:18:46.596569,15,,
418,4,2015-05-27 19:56:53.870537,2015-05-27 19:56:57.321682,15,,
419,0,2015-05-27 19:58:19.847408,2015-05-27 19:58:19.847408,15,,
420,0,2015-05-27 19:58:33.048996,2015-05-27 19:58:33.048996,15,,
421,0,2015-05-27 19:58:39.294114,2015-05-27 19:58:39.294114,15,,
422,0,2015-05-27 20:05:11.663943,2015-05-27 20:05:11.663943,15,,
424,0,2015-05-27 20:51:44.930987,2015-05-27 20:51:44.930987,15,,
423,4,2015-05-27 20:51:30.626708,2015-05-27 20:53:24.797584,15,,94
425,0,2015-05-27 20:53:24.898569,2015-05-27 20:53:24.898569,15,,
426,0,2015-05-27 21:03:18.470619,2015-05-27 21:03:18.470619,15,,
427,0,2015-05-27 21:53:59.285479,2015-05-27 21:53:59.285479,15,,
428,0,2015-05-28 14:16:49.001244,2015-05-28 14:16:49.001244,15,,
483,0,2015-06-03 01:37:11.311007,2015-06-03 01:37:11.311007,35,,
470,3,2015-06-01 17:26:31.322585,2015-06-01 17:33:04.746173,15,,99
471,0,2015-06-01 17:33:05.051623,2015-06-01 17:33:05.051623,15,,
472,0,2015-06-01 17:33:16.512481,2015-06-01 17:33:16.512481,15,,
429,5,2015-05-28 14:36:53.580087,2015-05-28 14:48:43.76924,15,,95
430,0,2015-05-28 14:48:43.899073,2015-05-28 14:48:43.899073,15,,
431,0,2015-05-28 15:21:05.490863,2015-05-28 15:21:05.490863,15,,
432,0,2015-05-28 15:26:09.208938,2015-05-28 15:26:09.208938,15,,
433,0,2015-05-28 16:48:46.995513,2015-05-28 16:48:46.995513,15,,
434,0,2015-05-28 16:51:22.357202,2015-05-28 16:51:22.357202,15,,
435,0,2015-05-28 16:51:31.984141,2015-05-28 16:51:31.984141,15,,
436,0,2015-05-28 17:06:39.812566,2015-05-28 17:06:39.812566,15,,
437,0,2015-05-28 17:06:53.811165,2015-05-28 17:06:53.811165,15,,
438,0,2015-05-28 17:06:58.103355,2015-05-28 17:06:58.103355,15,,
439,0,2015-05-28 17:07:07.537044,2015-05-28 17:07:07.537044,15,,
440,0,2015-05-28 17:10:24.180339,2015-05-28 17:10:24.180339,15,,
441,0,2015-05-28 17:24:10.414467,2015-05-28 17:24:10.414467,15,,
442,0,2015-05-28 17:24:20.302681,2015-05-28 17:24:20.302681,15,,
443,0,2015-05-28 17:24:27.99046,2015-05-28 17:24:27.99046,15,,
444,0,2015-05-28 17:24:38.189419,2015-05-28 17:24:38.189419,15,,
445,0,2015-05-28 17:26:33.463374,2015-05-28 17:26:33.463374,15,,
446,0,2015-05-29 05:23:26.294715,2015-05-29 05:23:26.294715,15,,
447,0,2015-05-29 13:04:26.3797,2015-05-29 13:04:26.3797,15,,
448,0,2015-05-29 14:56:50.110226,2015-05-29 14:56:50.110226,15,,
449,0,2015-05-29 14:58:52.454603,2015-05-29 14:58:52.454603,15,,
450,0,2015-05-29 14:59:26.547238,2015-05-29 14:59:26.547238,15,,
451,0,2015-05-29 14:59:31.084992,2015-05-29 14:59:31.084992,15,,
452,0,2015-05-29 16:02:42.883502,2015-05-29 16:02:42.883502,27,,
453,0,2015-05-29 16:15:33.972992,2015-05-29 16:15:33.972992,15,,
454,0,2015-05-29 16:26:35.775761,2015-05-29 16:26:35.775761,15,,
455,0,2015-05-29 16:26:49.146558,2015-05-29 16:26:49.146558,15,,96
456,0,2015-05-29 16:27:19.401425,2015-05-29 16:27:19.401425,15,,
457,0,2015-05-29 18:46:32.232165,2015-05-29 18:46:32.232165,15,,
458,0,2015-05-29 18:47:01.761335,2015-05-29 18:47:01.761335,15,,
459,0,2015-05-29 19:25:56.833321,2015-05-29 19:25:56.833321,15,,
460,0,2015-05-29 19:26:11.343465,2015-05-29 19:26:11.343465,15,,
461,0,2015-05-29 19:26:35.964391,2015-05-29 19:26:35.964391,15,,
462,5,2015-05-29 19:28:02.312899,2015-05-29 19:28:06.239076,15,,
473,0,2015-06-01 17:37:05.744804,2015-06-01 17:37:05.744804,15,,
463,5,2015-05-29 19:59:52.71759,2015-05-29 20:02:02.951048,15,,97
464,0,2015-05-29 20:02:03.442926,2015-05-29 20:02:03.442926,15,,
465,0,2015-05-29 20:04:50.579093,2015-05-29 20:04:50.579093,15,,
466,0,2015-05-31 23:52:11.593128,2015-05-31 23:52:11.593128,15,,
474,0,2015-06-01 17:43:18.647972,2015-06-01 17:43:18.647972,15,,
484,0,2015-06-03 01:38:11.296488,2015-06-03 01:38:11.296488,15,,
468,0,2015-06-01 15:56:45.626369,2015-06-01 15:56:45.626369,35,,
469,0,2015-06-01 16:03:55.324884,2015-06-01 16:03:55.324884,35,,
475,0,2015-06-01 17:43:29.655355,2015-06-01 17:43:29.655355,15,,
476,0,2015-06-01 17:48:16.173649,2015-06-01 17:48:16.173649,15,,
477,0,2015-06-01 17:54:50.353184,2015-06-01 17:54:50.353184,15,,
478,0,2015-06-01 17:54:56.730649,2015-06-01 17:54:56.730649,15,,
479,0,2015-06-01 18:11:19.491042,2015-06-01 18:11:19.491042,32,,
480,0,2015-06-01 18:19:27.74731,2015-06-01 18:19:27.74731,37,,
481,0,2015-06-01 18:19:56.801176,2015-06-01 18:19:56.801176,37,,
482,0,2015-06-02 22:48:43.544045,2015-06-02 22:48:43.544045,15,,
485,0,2015-06-11 02:20:32.074898,2015-06-11 02:20:32.074898,15,,
486,0,2015-06-11 02:21:46.591512,2015-06-11 02:21:46.591512,15,,
487,0,2015-06-11 02:21:51.79143,2015-06-11 02:21:51.79143,15,,
488,0,2015-06-11 02:25:00.573534,2015-06-11 02:25:00.573534,15,,
489,0,2015-06-11 03:43:04.012916,2015-06-11 03:43:04.012916,15,,
490,0,2015-06-11 16:20:40.611972,2015-06-11 16:20:40.611972,15,,
491,0,2015-06-11 16:20:48.056376,2015-06-11 16:20:48.056376,15,,
493,0,2015-06-11 16:23:46.643075,2015-06-11 16:23:46.643075,15,,
492,3,2015-06-11 16:20:58.089835,2015-06-11 16:23:46.519744,15,,100
494,0,2015-06-11 16:27:07.678826,2015-06-11 16:27:07.678826,15,,
495,0,2015-06-11 16:27:41.306094,2015-06-11 16:27:41.306094,15,,
496,5,2015-06-12 16:15:43.797207,2015-06-12 16:16:12.886016,15,,
565,5,2015-06-15 22:45:01.427157,2015-06-15 22:45:43.492393,15,,115
497,5,2015-06-12 16:25:10.606714,2015-06-12 16:32:42.417657,15,,101
498,0,2015-06-12 16:32:42.535837,2015-06-12 16:32:42.535837,15,,
499,0,2015-06-12 16:45:15.564396,2015-06-12 16:45:15.564396,15,,
500,0,2015-06-12 16:45:47.298832,2015-06-12 16:45:47.298832,15,,
501,0,2015-06-12 17:40:59.963947,2015-06-12 17:40:59.963947,15,,
566,0,2015-06-15 22:45:43.729936,2015-06-15 22:45:43.729936,15,,
502,5,2015-06-12 17:48:25.298934,2015-06-12 17:53:57.004977,15,,102
503,0,2015-06-12 17:53:57.101111,2015-06-12 17:53:57.101111,15,,
504,0,2015-06-12 17:55:35.902015,2015-06-12 17:55:35.902015,15,,
505,0,2015-06-12 17:56:09.539138,2015-06-12 17:56:09.539138,15,,
506,0,2015-06-12 17:59:08.43582,2015-06-12 17:59:08.43582,15,,
507,0,2015-06-12 17:59:18.213657,2015-06-12 17:59:18.213657,15,,
508,0,2015-06-12 18:03:21.764186,2015-06-12 18:03:21.764186,15,,
509,0,2015-06-12 18:10:13.596639,2015-06-12 18:10:13.596639,15,,
510,0,2015-06-12 18:41:48.041546,2015-06-12 18:41:48.041546,15,,
511,0,2015-06-12 18:48:33.043532,2015-06-12 18:48:33.043532,15,,
512,0,2015-06-12 18:48:38.615607,2015-06-12 18:48:38.615607,15,,
513,0,2015-06-12 18:50:13.060405,2015-06-12 18:50:13.060405,15,,
514,0,2015-06-12 18:50:28.159668,2015-06-12 18:50:28.159668,15,,
515,0,2015-06-12 19:12:47.967019,2015-06-12 19:12:47.967019,15,,
516,0,2015-06-12 19:13:52.692138,2015-06-12 19:13:52.692138,15,,
517,0,2015-06-12 19:16:26.228098,2015-06-12 19:16:26.228098,15,,
518,0,2015-06-12 19:18:56.513445,2015-06-12 19:18:56.513445,15,,
519,0,2015-06-12 19:22:27.150759,2015-06-12 19:22:27.150759,15,,
520,0,2015-06-12 19:24:51.973036,2015-06-12 19:24:51.973036,15,,
521,0,2015-06-12 19:27:37.400524,2015-06-12 19:27:37.400524,15,,
522,0,2015-06-12 19:28:56.62036,2015-06-12 19:28:56.62036,15,,
523,0,2015-06-12 19:43:56.752455,2015-06-12 19:43:56.752455,15,,
524,0,2015-06-12 19:44:11.013654,2015-06-12 19:44:11.013654,15,,
525,0,2015-06-12 19:44:39.501027,2015-06-12 19:44:39.501027,15,,
526,0,2015-06-12 20:06:58.573689,2015-06-12 20:06:58.573689,15,,
527,0,2015-06-12 20:08:40.788258,2015-06-12 20:08:40.788258,15,,
528,0,2015-06-12 20:08:50.196738,2015-06-12 20:08:50.196738,15,,
529,0,2015-06-12 20:48:08.356561,2015-06-12 20:48:08.356561,15,,
567,0,2015-06-15 22:47:35.824524,2015-06-15 22:47:35.824524,15,,
593,0,2015-06-16 22:41:00.318325,2015-06-16 22:41:00.318325,15,,
531,0,2015-06-14 15:05:37.586898,2015-06-14 15:05:37.586898,15,,
532,0,2015-06-14 15:07:03.119867,2015-06-14 15:07:03.119867,15,,
594,0,2015-06-17 02:21:28.812942,2015-06-17 02:21:28.812942,15,,
533,4,2015-06-14 15:12:29.942005,2015-06-14 15:14:50.388473,15,,104
534,0,2015-06-14 15:14:50.649599,2015-06-14 15:14:50.649599,15,,
535,0,2015-06-14 15:19:47.576228,2015-06-14 15:19:47.576228,15,,
568,4,2015-06-15 22:47:52.799781,2015-06-15 22:48:35.684413,15,,116
595,0,2015-06-17 16:36:13.946913,2015-06-17 16:36:13.946913,15,,
537,0,2015-06-15 15:07:16.084583,2015-06-15 15:07:16.084583,15,,
538,0,2015-06-15 15:28:06.458312,2015-06-15 15:28:06.458312,15,,
539,0,2015-06-15 16:05:04.442681,2015-06-15 16:05:04.442681,15,,
569,0,2015-06-15 22:48:36.045023,2015-06-15 22:48:36.045023,15,,
570,0,2015-06-15 22:49:12.759998,2015-06-15 22:49:12.759998,15,,
541,0,2015-06-15 19:15:45.576329,2015-06-15 19:15:45.576329,15,,
542,0,2015-06-15 19:16:00.439906,2015-06-15 19:16:00.439906,15,,
571,0,2015-06-15 22:51:03.221617,2015-06-15 22:51:03.221617,15,,
572,0,2015-06-15 23:01:01.973136,2015-06-15 23:01:01.973136,15,,
544,0,2015-06-15 19:16:42.297719,2015-06-15 19:16:42.297719,15,,
545,0,2015-06-15 19:16:58.369224,2015-06-15 19:16:58.369224,15,,
573,0,2015-06-15 23:01:18.261717,2015-06-15 23:01:18.261717,15,,
574,0,2015-06-15 23:04:53.813148,2015-06-15 23:04:53.813148,15,,
547,0,2015-06-15 19:17:39.098495,2015-06-15 19:17:39.098495,15,,
548,0,2015-06-15 19:17:49.069793,2015-06-15 19:17:49.069793,15,,
549,0,2015-06-15 20:47:24.053392,2015-06-15 20:47:24.053392,15,,
550,0,2015-06-15 20:48:36.243466,2015-06-15 20:48:36.243466,15,,
575,0,2015-06-15 23:07:00.421047,2015-06-15 23:07:00.421047,15,,
576,0,2015-06-15 23:08:33.458975,2015-06-15 23:08:33.458975,15,,
577,0,2015-06-15 23:11:38.749773,2015-06-15 23:11:38.749773,15,,
578,0,2015-06-15 23:14:08.746693,2015-06-15 23:14:08.746693,15,,
579,0,2015-06-15 23:20:29.093617,2015-06-15 23:20:29.093617,15,,
554,0,2015-06-15 21:41:38.685489,2015-06-15 21:41:38.685489,15,,
555,0,2015-06-15 21:43:02.114237,2015-06-15 21:43:02.114237,15,,
556,0,2015-06-15 21:43:34.448212,2015-06-15 21:43:34.448212,15,,
557,0,2015-06-15 21:44:17.719025,2015-06-15 21:44:17.719025,15,,
558,0,2015-06-15 22:05:46.621657,2015-06-15 22:05:46.621657,15,,
559,0,2015-06-15 22:11:06.011101,2015-06-15 22:11:06.011101,15,,
560,0,2015-06-15 22:11:39.937249,2015-06-15 22:11:39.937249,15,,
561,0,2015-06-15 22:31:01.115262,2015-06-15 22:31:01.115262,15,,
562,5,2015-06-15 22:31:42.215594,2015-06-15 22:32:34.964479,15,,
563,0,2015-06-15 22:41:35.008379,2015-06-15 22:41:35.008379,15,,
564,0,2015-06-15 22:41:44.240437,2015-06-15 22:41:44.240437,15,,
596,0,2015-06-17 16:37:08.911321,2015-06-17 16:37:08.911321,15,,
580,0,2015-06-15 23:20:34.046069,2015-06-15 23:20:34.046069,15,,
581,0,2015-06-15 23:22:13.272267,2015-06-15 23:22:13.272267,15,,
582,0,2015-06-16 17:52:41.542037,2015-06-16 17:52:41.542037,15,,
583,0,2015-06-16 20:48:42.830848,2015-06-16 20:48:42.830848,15,,
584,0,2015-06-16 21:23:57.797641,2015-06-16 21:23:57.797641,15,,
585,0,2015-06-16 21:24:03.984348,2015-06-16 21:24:03.984348,15,,
586,0,2015-06-16 21:24:59.039775,2015-06-16 21:24:59.039775,15,,
587,0,2015-06-16 21:26:55.82923,2015-06-16 21:26:55.82923,15,,
588,0,2015-06-16 21:39:52.268829,2015-06-16 21:39:52.268829,15,,
589,0,2015-06-16 21:40:09.015178,2015-06-16 21:40:09.015178,15,,
590,0,2015-06-16 22:01:24.975686,2015-06-16 22:01:24.975686,15,,
591,0,2015-06-16 22:30:58.640652,2015-06-16 22:30:58.640652,15,,
592,0,2015-06-16 22:31:17.908254,2015-06-16 22:31:17.908254,15,,
597,0,2015-06-17 16:56:37.311928,2015-06-17 16:56:37.311928,15,,
598,0,2015-06-17 16:56:47.591536,2015-06-17 16:56:47.591536,15,,
599,0,2015-06-17 17:49:00.879119,2015-06-17 17:49:00.879119,15,,
600,0,2015-06-17 17:53:03.057141,2015-06-17 17:53:03.057141,15,,
601,0,2015-06-17 20:41:21.748812,2015-06-17 20:41:21.748812,40,,
602,0,2015-06-17 20:43:49.864625,2015-06-17 20:43:49.864625,15,,117
606,0,2015-06-17 20:49:08.101691,2015-06-17 20:49:08.101691,15,,121
624,0,2015-06-17 21:59:21.534732,2015-06-17 21:59:21.534732,15,,
625,0,2015-06-18 15:29:04.452411,2015-06-18 15:29:04.452411,15,,
626,0,2015-06-18 15:30:09.722852,2015-06-18 15:30:09.722852,15,,
691,0,2015-06-24 15:16:01.044732,2015-06-24 15:16:01.044732,15,,
627,3,2015-06-18 15:51:35.898396,2015-06-18 15:53:08.703098,15,,139
628,0,2015-06-18 15:53:09.561702,2015-06-18 15:53:09.561702,15,,
629,0,2015-06-18 15:56:46.98471,2015-06-18 15:56:46.98471,15,,
630,0,2015-06-18 17:02:35.994767,2015-06-18 17:02:35.994767,15,,
631,0,2015-06-18 17:03:39.757407,2015-06-18 17:03:39.757407,15,,
632,0,2015-06-18 17:35:33.022586,2015-06-18 17:35:33.022586,15,,
633,0,2015-06-18 17:36:17.168013,2015-06-18 17:36:17.168013,15,,
692,0,2015-06-24 15:46:26.855493,2015-06-24 15:46:26.855493,15,,
634,5,2015-06-18 19:26:22.748412,2015-06-18 19:32:17.343196,15,,140
635,0,2015-06-18 19:32:17.447892,2015-06-18 19:32:17.447892,15,,
636,0,2015-06-18 19:35:52.516778,2015-06-18 19:35:52.516778,15,,
637,0,2015-06-18 19:39:14.68206,2015-06-18 19:39:14.68206,15,,
638,0,2015-06-18 19:54:02.88126,2015-06-18 19:54:02.88126,15,,
639,0,2015-06-18 19:58:15.738911,2015-06-18 19:58:15.738911,15,,
640,0,2015-06-18 19:58:55.703264,2015-06-18 19:58:55.703264,15,,
641,0,2015-06-18 19:59:06.316645,2015-06-18 19:59:06.316645,15,,
642,0,2015-06-18 20:01:07.543966,2015-06-18 20:01:07.543966,15,,
643,0,2015-06-18 20:02:37.83218,2015-06-18 20:02:37.83218,15,,
644,0,2015-06-18 20:32:48.755828,2015-06-18 20:32:48.755828,15,,
645,0,2015-06-18 20:34:30.964548,2015-06-18 20:34:30.964548,15,,
646,0,2015-06-18 23:05:46.541392,2015-06-18 23:05:46.541392,15,,
647,0,2015-06-18 23:05:58.168275,2015-06-18 23:05:58.168275,15,,
693,0,2015-06-24 15:50:26.423373,2015-06-24 15:50:26.423373,15,,
694,4,2015-06-25 16:44:09.838122,2015-06-25 16:46:37.484137,15,,
649,0,2015-06-21 17:30:34.669041,2015-06-21 17:30:34.669041,15,,
650,0,2015-06-21 21:53:05.043734,2015-06-21 21:53:05.043734,15,,
651,0,2015-06-21 21:53:09.536665,2015-06-21 21:53:09.536665,15,,
648,3,2015-06-21 17:22:08.87994,2015-06-22 12:01:26.075681,15,,141
695,0,2015-06-25 17:09:56.214136,2015-06-25 17:09:56.214136,15,,
652,5,2015-06-22 11:57:37.416914,2015-06-22 12:22:20.668856,15,,142
653,0,2015-06-22 12:22:20.912274,2015-06-22 12:22:20.912274,15,,
654,0,2015-06-22 12:22:39.779718,2015-06-22 12:22:39.779718,15,,
655,0,2015-06-22 12:24:48.369847,2015-06-22 12:24:48.369847,15,,
656,0,2015-06-22 12:41:19.834289,2015-06-22 12:41:19.834289,15,,
657,0,2015-06-22 12:45:08.440419,2015-06-22 12:45:08.440419,15,,
658,0,2015-06-22 12:57:39.58684,2015-06-22 12:57:39.58684,15,,
659,0,2015-06-22 13:03:30.967385,2015-06-22 13:03:30.967385,15,,
696,0,2015-06-25 17:10:01.515276,2015-06-25 17:10:01.515276,15,,
660,4,2015-06-22 13:05:07.087775,2015-06-22 13:06:33.324833,15,,143
661,0,2015-06-22 13:06:33.581971,2015-06-22 13:06:33.581971,15,,
662,0,2015-06-22 13:29:22.273745,2015-06-22 13:29:22.273745,15,,
663,0,2015-06-22 14:21:46.489166,2015-06-22 14:21:46.489166,15,,
664,0,2015-06-22 15:29:02.073096,2015-06-22 15:29:02.073096,15,,
665,0,2015-06-22 15:30:55.46757,2015-06-22 15:30:55.46757,15,,
666,0,2015-06-22 16:50:18.865503,2015-06-22 16:50:18.865503,15,,
667,0,2015-06-23 17:36:03.953299,2015-06-23 17:36:03.953299,15,,
668,0,2015-06-23 17:39:12.788093,2015-06-23 17:39:12.788093,15,,
669,0,2015-06-23 17:40:35.528325,2015-06-23 17:40:35.528325,15,,
670,0,2015-06-23 17:40:50.588515,2015-06-23 17:40:50.588515,15,,
671,0,2015-06-23 19:17:39.579892,2015-06-23 19:17:39.579892,15,,
672,0,2015-06-23 19:17:43.252842,2015-06-23 19:17:43.252842,15,,
673,0,2015-06-23 19:17:48.440362,2015-06-23 19:17:48.440362,15,,
674,0,2015-06-23 19:17:58.791276,2015-06-23 19:17:58.791276,15,,
675,0,2015-06-23 19:18:13.023975,2015-06-23 19:18:13.023975,15,,
676,0,2015-06-23 23:11:45.108859,2015-06-23 23:11:45.108859,15,,
677,0,2015-06-23 23:11:53.797861,2015-06-23 23:11:53.797861,15,,
678,0,2015-06-23 23:12:03.977684,2015-06-23 23:12:03.977684,15,,
679,0,2015-06-23 23:12:12.282672,2015-06-23 23:12:12.282672,15,,
680,5,2015-06-23 23:31:12.139959,2015-06-23 23:31:15.204205,15,,
681,5,2015-06-23 23:35:15.266858,2015-06-23 23:35:56.009721,15,,
682,0,2015-06-24 14:43:04.345888,2015-06-24 14:43:04.345888,15,,
683,0,2015-06-24 14:47:12.048877,2015-06-24 14:47:12.048877,15,,
684,0,2015-06-24 14:47:20.230452,2015-06-24 14:47:20.230452,15,,
685,0,2015-06-24 14:47:23.69022,2015-06-24 14:47:23.69022,15,,
686,0,2015-06-24 14:59:01.350003,2015-06-24 14:59:01.350003,15,,
687,0,2015-06-24 14:59:07.744329,2015-06-24 14:59:07.744329,15,,
688,0,2015-06-24 14:59:13.497389,2015-06-24 14:59:13.497389,15,,
689,0,2015-06-24 14:59:19.371516,2015-06-24 14:59:19.371516,15,,
690,0,2015-06-24 14:59:27.138381,2015-06-24 14:59:27.138381,15,,
697,0,2015-06-25 17:10:26.71912,2015-06-25 17:10:26.71912,15,,
698,0,2015-06-25 17:25:14.465234,2015-06-25 17:25:14.465234,15,,
717,0,2015-06-26 16:55:34.019992,2015-06-26 16:55:34.019992,27,,
699,4,2015-06-25 17:25:23.878135,2015-06-25 17:33:29.473456,15,,144
700,0,2015-06-25 17:33:29.64039,2015-06-25 17:33:29.64039,15,,
701,0,2015-06-25 17:37:14.913434,2015-06-25 17:37:14.913434,15,,
702,0,2015-06-25 17:40:58.636876,2015-06-25 17:40:58.636876,15,,
703,0,2015-06-25 17:41:03.134806,2015-06-25 17:41:03.134806,15,,
704,0,2015-06-25 17:41:07.964894,2015-06-25 17:41:07.964894,15,,
705,0,2015-06-25 17:41:34.581789,2015-06-25 17:41:34.581789,15,,
706,0,2015-06-25 18:24:32.448589,2015-06-25 18:24:32.448589,15,,
707,0,2015-06-25 18:24:38.293334,2015-06-25 18:24:38.293334,15,,
708,0,2015-06-25 18:24:44.226425,2015-06-25 18:24:44.226425,15,,
709,0,2015-06-25 18:24:48.710614,2015-06-25 18:24:48.710614,15,,
710,0,2015-06-25 18:24:54.65384,2015-06-25 18:24:54.65384,15,,
711,0,2015-06-25 19:58:07.25328,2015-06-25 19:58:07.25328,15,,
712,0,2015-06-26 15:59:27.064055,2015-06-26 15:59:27.064055,27,,
713,0,2015-06-26 16:01:47.313306,2015-06-26 16:01:47.313306,27,,
715,4,2015-06-26 16:43:17.861419,2015-06-26 16:59:56.109694,27,,
720,5,2015-06-26 17:05:51.817791,2015-06-26 17:10:11.005656,27,,146
718,4,2015-06-26 17:00:38.783096,2015-06-26 17:05:35.449104,27,,145
719,0,2015-06-26 17:05:38.538558,2015-06-26 17:05:38.538558,27,,
721,0,2015-06-26 17:10:12.662799,2015-06-26 17:10:12.662799,27,,
722,0,2015-06-26 17:18:20.232009,2015-06-26 17:18:20.232009,27,,
723,0,2015-06-26 18:55:02.252157,2015-06-26 18:55:02.252157,15,,
724,0,2015-06-26 18:55:38.273475,2015-06-26 18:55:38.273475,27,,
725,4,2015-06-26 19:11:18.000539,2015-06-26 19:17:08.908052,15,,147
726,0,2015-06-26 19:17:09.13706,2015-06-26 19:17:09.13706,15,,
728,0,2015-06-29 02:35:27.687697,2015-06-29 02:35:27.687697,15,,
727,3,2015-06-29 02:21:37.634643,2015-06-29 02:35:27.508296,15,,148
729,0,2015-06-29 02:36:23.784509,2015-06-29 02:36:23.784509,15,,
730,0,2015-06-29 02:37:03.265475,2015-06-29 02:37:03.265475,15,,
806,0,2015-07-10 21:58:14.576987,2015-07-10 21:58:14.576987,15,,
731,3,2015-06-29 13:17:24.025496,2015-06-29 13:31:37.813469,15,,149
732,0,2015-06-29 13:31:37.935834,2015-06-29 13:31:37.935834,15,,
733,0,2015-06-29 13:31:51.574582,2015-06-29 13:31:51.574582,15,,
734,0,2015-06-29 13:31:56.865426,2015-06-29 13:31:56.865426,15,,
735,4,2015-06-29 13:32:44.496574,2015-06-29 13:41:11.209603,15,,150
736,0,2015-06-29 13:41:11.57668,2015-06-29 13:41:11.57668,15,,
737,0,2015-06-29 13:41:25.381545,2015-06-29 13:41:25.381545,15,,
738,0,2015-06-29 13:41:45.072577,2015-06-29 13:41:45.072577,15,,
739,5,2015-06-29 16:34:32.480067,2015-06-29 16:54:43.623883,15,,151
740,0,2015-06-29 16:54:44.7691,2015-06-29 16:54:44.7691,15,,
741,0,2015-06-29 17:05:38.681963,2015-06-29 17:05:38.681963,15,,
742,0,2015-06-29 17:12:24.911004,2015-06-29 17:12:24.911004,15,,
743,0,2015-06-29 18:19:51.848612,2015-06-29 18:19:51.848612,15,,
744,0,2015-06-29 21:28:40.269182,2015-06-29 21:28:40.269182,15,,
745,0,2015-06-29 21:28:49.548642,2015-06-29 21:28:49.548642,15,,
746,0,2015-06-29 21:29:04.082313,2015-06-29 21:29:04.082313,15,,
747,0,2015-06-29 21:29:14.044958,2015-06-29 21:29:14.044958,15,,
807,5,2015-07-12 17:40:54.014214,2015-07-12 18:02:07.536466,15,,159
749,0,2015-06-29 21:33:48.982029,2015-06-29 21:33:48.982029,15,,
750,0,2015-06-29 21:39:55.318089,2015-06-29 21:39:55.318089,15,,
751,0,2015-06-29 21:40:01.906483,2015-06-29 21:40:01.906483,15,,
752,0,2015-06-29 21:40:54.687188,2015-06-29 21:40:54.687188,15,,
753,0,2015-06-29 21:41:03.644163,2015-06-29 21:41:03.644163,15,,
748,4,2015-06-29 21:31:05.977398,2015-06-29 22:19:34.195683,15,,152
754,0,2015-06-29 22:19:34.371934,2015-06-29 22:19:34.371934,15,,
755,0,2015-06-30 18:34:13.445252,2015-06-30 18:34:13.445252,15,,
756,0,2015-07-01 02:32:42.644766,2015-07-01 02:32:42.644766,15,,
757,0,2015-07-01 14:21:35.613328,2015-07-01 14:21:35.613328,15,,
808,0,2015-07-12 18:02:07.737852,2015-07-12 18:02:07.737852,15,,
758,4,2015-07-01 14:21:47.647178,2015-07-01 18:48:48.294503,15,,153
759,0,2015-07-01 18:48:48.593551,2015-07-01 18:48:48.593551,15,,
760,0,2015-07-01 19:04:57.401073,2015-07-01 19:04:57.401073,15,,
761,0,2015-07-01 20:19:28.638105,2015-07-01 20:19:28.638105,15,,
762,0,2015-07-01 21:04:29.28311,2015-07-01 21:04:29.28311,15,,
763,0,2015-07-01 21:04:36.228323,2015-07-01 21:04:36.228323,15,,
764,0,2015-07-01 23:40:05.256177,2015-07-01 23:40:05.256177,15,,
765,0,2015-07-01 23:40:08.249098,2015-07-01 23:40:08.249098,15,,
809,0,2015-07-13 01:06:48.861695,2015-07-13 01:06:48.861695,15,,
766,5,2015-07-06 14:21:02.391153,2015-07-06 14:55:46.393817,15,,154
767,0,2015-07-06 14:55:46.521573,2015-07-06 14:55:46.521573,15,,
768,0,2015-07-06 14:56:13.201602,2015-07-06 14:56:13.201602,15,,
769,0,2015-07-06 16:52:56.355701,2015-07-06 16:52:56.355701,15,,
770,0,2015-07-06 17:01:51.091494,2015-07-06 17:01:51.091494,15,,
771,0,2015-07-06 17:08:19.286432,2015-07-06 17:08:19.286432,15,,
772,0,2015-07-06 17:09:32.268554,2015-07-06 17:09:32.268554,15,,
773,0,2015-07-06 17:09:34.773092,2015-07-06 17:09:34.773092,15,,
774,5,2015-07-06 23:53:05.211574,2015-07-06 23:59:39.540783,15,,155
775,0,2015-07-06 23:59:39.690568,2015-07-06 23:59:39.690568,15,,
776,0,2015-07-06 23:59:58.391255,2015-07-06 23:59:58.391255,15,,
777,0,2015-07-07 00:00:45.462156,2015-07-07 00:00:45.462156,15,,
778,0,2015-07-07 00:01:31.088545,2015-07-07 00:01:31.088545,15,,
779,0,2015-07-07 00:02:06.100575,2015-07-07 00:02:06.100575,15,,
811,0,2015-07-13 19:25:31.308589,2015-07-13 19:25:31.308589,29,,
810,3,2015-07-13 19:22:37.442493,2015-07-13 19:28:53.754584,29,,
780,3,2015-07-07 00:03:24.916595,2015-07-07 00:13:42.245749,15,,156
781,0,2015-07-07 00:13:42.747684,2015-07-07 00:13:42.747684,15,,
782,0,2015-07-07 00:14:26.474089,2015-07-07 00:14:26.474089,15,,
783,0,2015-07-07 00:14:48.622445,2015-07-07 00:14:48.622445,15,,
784,0,2015-07-07 13:52:20.743076,2015-07-07 13:52:20.743076,15,,
785,0,2015-07-07 13:55:12.989275,2015-07-07 13:55:12.989275,15,,
786,0,2015-07-07 14:00:51.098672,2015-07-07 14:00:51.098672,15,,
787,0,2015-07-07 14:03:14.909166,2015-07-07 14:03:14.909166,15,,
788,0,2015-07-07 14:15:31.413683,2015-07-07 14:15:31.413683,15,,
789,0,2015-07-07 14:15:44.499411,2015-07-07 14:15:44.499411,15,,
790,0,2015-07-07 14:18:00.733231,2015-07-07 14:18:00.733231,15,,
791,0,2015-07-07 16:27:55.472456,2015-07-07 16:27:55.472456,15,,
792,0,2015-07-07 16:32:53.242255,2015-07-07 16:32:53.242255,15,,
793,0,2015-07-07 19:47:56.643458,2015-07-07 19:47:56.643458,27,,
794,0,2015-07-08 13:24:12.173128,2015-07-08 13:24:12.173128,15,,
795,0,2015-07-08 13:29:35.448031,2015-07-08 13:29:35.448031,15,,
796,0,2015-07-08 13:29:35.646619,2015-07-08 13:29:35.646619,15,,
797,0,2015-07-08 13:32:37.893105,2015-07-08 13:32:37.893105,15,,
798,4,2015-07-08 13:33:43.617996,2015-07-08 13:33:56.492181,15,,
799,5,2015-07-10 13:32:47.348283,2015-07-10 13:44:51.87859,15,,157
800,0,2015-07-10 13:44:53.209154,2015-07-10 13:44:53.209154,15,,
823,5,2015-07-14 21:00:40.004789,2015-07-14 21:00:56.389678,15,,
801,4,2015-07-10 13:45:03.505349,2015-07-10 13:50:26.607179,15,,158
802,0,2015-07-10 13:50:26.740335,2015-07-10 13:50:26.740335,15,,
803,0,2015-07-10 14:04:31.563304,2015-07-10 14:04:31.563304,15,,
804,0,2015-07-10 14:27:54.032688,2015-07-10 14:27:54.032688,15,,
805,0,2015-07-10 14:37:23.901578,2015-07-10 14:37:23.901578,29,,
812,3,2015-07-13 19:33:24.970143,2015-07-13 19:46:24.772695,29,,160
813,0,2015-07-13 19:46:28.864348,2015-07-13 19:46:28.864348,29,,
814,0,2015-07-13 19:54:00.295308,2015-07-13 19:54:00.295308,15,,
815,0,2015-07-13 19:56:43.010558,2015-07-13 19:56:43.010558,15,,
816,0,2015-07-14 19:32:27.138405,2015-07-14 19:32:27.138405,15,,
817,0,2015-07-14 19:34:00.314462,2015-07-14 19:34:00.314462,15,,
818,0,2015-07-14 19:36:11.008453,2015-07-14 19:36:11.008453,15,,
819,0,2015-07-14 19:49:57.414067,2015-07-14 19:49:57.414067,15,,
820,0,2015-07-14 19:57:39.469201,2015-07-14 19:57:39.469201,15,,
821,0,2015-07-14 19:57:54.132397,2015-07-14 19:57:54.132397,15,,
822,0,2015-07-14 21:00:18.553972,2015-07-14 21:00:18.553972,15,,
824,0,2015-07-15 02:13:40.98761,2015-07-15 02:13:40.98761,15,,
825,0,2015-07-15 02:15:34.823571,2015-07-15 02:15:34.823571,15,,
826,0,2015-07-15 02:35:11.540423,2015-07-15 02:35:11.540423,15,,
827,0,2015-07-15 02:38:23.416158,2015-07-15 02:38:23.416158,15,,
828,0,2015-07-15 02:38:32.587265,2015-07-15 02:38:32.587265,15,,
829,0,2015-07-15 03:00:13.751838,2015-07-15 03:00:13.751838,15,,
830,0,2015-07-15 03:13:47.079414,2015-07-15 03:13:47.079414,15,,
831,0,2015-07-15 03:20:00.464847,2015-07-15 03:20:00.464847,15,,
832,0,2015-07-15 03:28:38.970195,2015-07-15 03:28:38.970195,15,,
833,0,2015-07-15 03:31:12.042759,2015-07-15 03:31:12.042759,15,,
834,0,2015-07-15 03:31:23.683342,2015-07-15 03:31:23.683342,15,,
835,0,2015-07-15 03:31:38.027538,2015-07-15 03:31:38.027538,15,,
836,0,2015-07-15 03:31:47.143042,2015-07-15 03:31:47.143042,15,,
837,0,2015-07-15 04:01:53.653126,2015-07-15 04:01:53.653126,15,,
838,0,2015-07-15 04:02:00.728296,2015-07-15 04:02:00.728296,15,,
839,0,2015-07-15 04:02:22.843579,2015-07-15 04:02:22.843579,15,,
840,0,2015-07-15 04:02:33.297244,2015-07-15 04:02:33.297244,15,,
841,0,2015-07-15 04:03:01.694874,2015-07-15 04:03:01.694874,15,,
842,0,2015-07-15 04:03:24.3106,2015-07-15 04:03:24.3106,15,,
843,0,2015-07-15 04:03:36.264698,2015-07-15 04:03:36.264698,15,,
844,0,2015-07-15 16:51:40.377789,2015-07-15 16:51:40.377789,15,,
845,0,2015-07-15 17:09:15.800127,2015-07-15 17:09:15.800127,15,,
846,0,2015-07-15 17:09:50.088873,2015-07-15 17:09:50.088873,15,,
847,0,2015-07-15 17:10:18.35905,2015-07-15 17:10:18.35905,15,,
924,2,2015-07-22 14:50:25.454315,2015-07-22 15:07:18.101992,15,,
848,4,2015-07-15 17:10:41.594711,2015-07-15 17:28:20.94298,15,,161
849,0,2015-07-15 17:28:21.271354,2015-07-15 17:28:21.271354,15,,
850,0,2015-07-15 17:29:58.610004,2015-07-15 17:29:58.610004,15,,
851,0,2015-07-15 17:30:12.586359,2015-07-15 17:30:12.586359,15,,
852,0,2015-07-15 17:30:35.41148,2015-07-15 17:30:35.41148,15,,
853,0,2015-07-15 18:00:57.487007,2015-07-15 18:00:57.487007,15,,
854,0,2015-07-15 18:54:17.002034,2015-07-15 18:54:17.002034,15,,
855,0,2015-07-16 01:21:48.818684,2015-07-16 01:21:48.818684,42,,
856,0,2015-07-16 19:35:44.108953,2015-07-16 19:35:44.108953,15,,
857,0,2015-07-16 19:37:19.701781,2015-07-16 19:37:19.701781,15,,
858,0,2015-07-16 21:11:27.477838,2015-07-16 21:11:27.477838,15,,
859,0,2015-07-17 14:01:19.931742,2015-07-17 14:01:19.931742,15,,
860,3,2015-07-17 15:55:14.757363,2015-07-17 15:55:28.143238,15,,
925,0,2015-07-22 15:34:41.921276,2015-07-22 15:34:41.921276,15,,
861,4,2015-07-17 16:24:48.417273,2015-07-17 16:40:53.067784,21,,162
862,0,2015-07-17 16:41:10.415964,2015-07-17 16:41:10.415964,21,,
863,0,2015-07-17 16:50:17.766945,2015-07-17 16:50:17.766945,21,,
864,0,2015-07-17 16:50:19.727502,2015-07-17 16:50:19.727502,21,,
865,0,2015-07-17 17:14:12.182826,2015-07-17 17:14:12.182826,15,,
866,0,2015-07-17 17:18:21.073971,2015-07-17 17:18:21.073971,21,,
867,0,2015-07-17 17:20:25.965833,2015-07-17 17:20:25.965833,15,,
868,0,2015-07-17 17:25:52.437037,2015-07-17 17:25:52.437037,15,,
869,0,2015-07-17 17:28:29.08942,2015-07-17 17:28:29.08942,21,,
870,0,2015-07-17 20:35:07.733144,2015-07-17 20:35:07.733144,15,,
871,0,2015-07-17 20:36:53.094046,2015-07-17 20:36:53.094046,15,,
872,0,2015-07-17 20:37:05.263856,2015-07-17 20:37:05.263856,15,,
873,0,2015-07-17 20:38:30.433,2015-07-17 20:38:30.433,15,,
874,0,2015-07-17 20:41:38.916777,2015-07-17 20:41:38.916777,15,,
875,0,2015-07-17 20:52:15.673456,2015-07-17 20:52:15.673456,15,,
876,0,2015-07-17 21:01:40.190062,2015-07-17 21:01:40.190062,15,,
877,0,2015-07-17 21:24:02.907935,2015-07-17 21:24:02.907935,15,,
878,0,2015-07-17 21:24:34.756775,2015-07-17 21:24:34.756775,15,,
879,0,2015-07-17 22:19:42.772748,2015-07-17 22:19:42.772748,15,,
880,0,2015-07-17 22:19:51.458019,2015-07-17 22:19:51.458019,15,,
881,0,2015-07-17 22:20:17.907389,2015-07-17 22:20:17.907389,15,,
882,0,2015-07-17 22:22:22.236174,2015-07-17 22:22:22.236174,15,,
883,0,2015-07-17 22:22:30.197381,2015-07-17 22:22:30.197381,15,,
884,0,2015-07-17 22:22:52.818825,2015-07-17 22:22:52.818825,15,,
885,0,2015-07-17 22:23:04.00127,2015-07-17 22:23:04.00127,15,,
886,0,2015-07-17 22:23:07.892055,2015-07-17 22:23:07.892055,15,,
887,0,2015-07-17 22:23:16.353264,2015-07-17 22:23:16.353264,15,,
888,0,2015-07-17 22:23:27.435943,2015-07-17 22:23:27.435943,15,,
889,0,2015-07-17 22:23:36.587893,2015-07-17 22:23:36.587893,15,,
890,0,2015-07-17 22:23:50.362225,2015-07-17 22:23:50.362225,15,,
891,0,2015-07-17 22:23:54.627893,2015-07-17 22:23:54.627893,15,,
892,0,2015-07-17 22:23:58.193778,2015-07-17 22:23:58.193778,15,,
893,0,2015-07-17 22:24:06.3749,2015-07-17 22:24:06.3749,15,,
894,0,2015-07-17 22:24:18.580168,2015-07-17 22:24:18.580168,15,,
895,0,2015-07-17 22:24:19.778097,2015-07-17 22:24:19.778097,15,,
896,0,2015-07-17 22:24:34.842098,2015-07-17 22:24:34.842098,15,,
897,0,2015-07-17 22:24:44.912317,2015-07-17 22:24:44.912317,15,,
898,0,2015-07-17 22:24:51.933395,2015-07-17 22:24:51.933395,15,,
899,0,2015-07-17 22:25:00.659803,2015-07-17 22:25:00.659803,15,,
900,0,2015-07-19 21:08:33.372331,2015-07-19 21:08:33.372331,43,,
901,0,2015-07-19 21:19:50.772287,2015-07-19 21:19:50.772287,15,,
926,0,2015-07-22 15:34:49.48051,2015-07-22 15:34:49.48051,15,,
902,4,2015-07-20 13:43:49.582964,2015-07-20 14:03:20.022592,15,,163
903,0,2015-07-20 14:03:20.280838,2015-07-20 14:03:20.280838,15,,
904,0,2015-07-20 14:03:39.485483,2015-07-20 14:03:39.485483,15,,
905,0,2015-07-20 14:05:21.321533,2015-07-20 14:05:21.321533,15,,
906,0,2015-07-20 14:05:23.607019,2015-07-20 14:05:23.607019,15,,
907,0,2015-07-20 14:05:35.939458,2015-07-20 14:05:35.939458,15,,
908,0,2015-07-21 00:38:48.448237,2015-07-21 00:38:48.448237,15,,
909,0,2015-07-21 00:39:23.420445,2015-07-21 00:39:23.420445,15,,
910,0,2015-07-21 00:40:01.555317,2015-07-21 00:40:01.555317,15,,
927,0,2015-07-22 15:35:01.485018,2015-07-22 15:35:01.485018,15,,
911,3,2015-07-21 00:41:28.798023,2015-07-21 00:46:46.308158,15,,164
912,0,2015-07-21 00:46:46.494503,2015-07-21 00:46:46.494503,15,,
913,0,2015-07-21 01:10:41.578916,2015-07-21 01:10:41.578916,15,,
914,0,2015-07-21 01:11:43.888868,2015-07-21 01:11:43.888868,15,,
915,0,2015-07-21 01:28:35.897415,2015-07-21 01:28:35.897415,15,,
916,0,2015-07-21 20:38:50.411801,2015-07-21 20:38:50.411801,15,,
917,0,2015-07-21 20:46:32.866884,2015-07-21 20:46:32.866884,15,,
918,0,2015-07-21 21:22:21.959943,2015-07-21 21:22:21.959943,15,,
919,0,2015-07-21 21:22:56.33041,2015-07-21 21:22:56.33041,15,,
920,0,2015-07-21 21:23:20.468695,2015-07-21 21:23:20.468695,15,,
921,0,2015-07-21 21:34:06.671564,2015-07-21 21:34:06.671564,15,,
922,0,2015-07-21 21:45:34.123039,2015-07-21 21:45:34.123039,15,,
923,0,2015-07-22 14:50:11.156843,2015-07-22 14:50:11.156843,15,,
928,0,2015-07-22 15:35:12.537637,2015-07-22 15:35:12.537637,15,,
929,0,2015-07-22 15:35:17.406751,2015-07-22 15:35:17.406751,15,,
930,0,2015-07-22 17:42:49.972972,2015-07-22 17:42:49.972972,15,,
931,0,2015-07-22 17:43:20.575812,2015-07-22 17:43:20.575812,15,,
932,0,2015-07-22 17:46:05.126777,2015-07-22 17:46:05.126777,15,,
941,0,2015-07-23 02:07:08.599521,2015-07-23 02:07:08.599521,15,,
942,0,2015-07-23 14:27:21.119618,2015-07-23 14:27:21.119618,15,,
943,0,2015-07-23 17:44:17.410737,2015-07-23 17:44:17.410737,15,,
935,0,2015-07-22 20:58:04.887621,2015-07-22 20:58:04.887621,15,,
936,0,2015-07-22 20:59:05.430181,2015-07-22 20:59:05.430181,15,,
937,0,2015-07-22 20:59:11.04941,2015-07-22 20:59:11.04941,15,,
938,0,2015-07-22 20:59:33.969654,2015-07-22 20:59:33.969654,15,,
939,0,2015-07-22 20:59:45.667991,2015-07-22 20:59:45.667991,15,,
940,0,2015-07-22 20:59:49.037648,2015-07-22 20:59:49.037648,15,,
944,0,2015-07-23 17:46:48.768307,2015-07-23 17:46:48.768307,15,,
945,0,2015-07-24 03:17:26.040187,2015-07-24 03:17:26.040187,21,,
946,0,2015-07-28 01:01:39.713725,2015-07-28 01:01:39.713725,15,,
947,0,2015-07-28 01:01:49.728411,2015-07-28 01:01:49.728411,15,,
948,0,2015-07-28 01:03:57.609825,2015-07-28 01:03:57.609825,15,,
1025,0,2015-08-28 19:33:24.692774,2015-08-28 19:33:24.692774,15,,
949,4,2015-07-28 22:56:30.987551,2015-07-28 23:15:59.254564,15,,166
950,0,2015-07-28 23:15:59.502207,2015-07-28 23:15:59.502207,15,,
951,0,2015-07-28 23:16:29.911487,2015-07-28 23:16:29.911487,15,,
952,0,2015-07-30 15:22:22.255109,2015-07-30 15:22:22.255109,15,,
953,0,2015-07-30 16:36:03.140501,2015-07-30 16:36:03.140501,15,,
954,0,2015-07-30 16:36:15.343752,2015-07-30 16:36:15.343752,15,,
955,0,2015-07-30 16:36:21.320329,2015-07-30 16:36:21.320329,15,,
956,0,2015-07-30 16:36:36.993874,2015-07-30 16:36:36.993874,15,,
957,0,2015-07-31 20:09:06.765648,2015-07-31 20:09:06.765648,15,,
1026,0,2015-08-28 19:33:33.855378,2015-08-28 19:33:33.855378,15,,
958,1,2015-08-05 14:11:09.685806,2015-08-05 14:18:15.772489,15,,167
959,0,2015-08-05 14:18:15.952752,2015-08-05 14:18:15.952752,15,,
1027,0,2015-08-28 20:13:28.939679,2015-08-28 20:13:28.939679,15,,
960,5,2015-08-11 15:17:43.246799,2015-08-11 15:21:51.94786,15,,168
961,0,2015-08-11 15:21:52.396564,2015-08-11 15:21:52.396564,15,,
1028,0,2015-08-28 20:13:29.13234,2015-08-28 20:13:29.13234,15,,
962,5,2015-08-14 15:06:20.857543,2015-08-14 15:08:54.692068,15,,169
963,0,2015-08-14 15:08:54.814881,2015-08-14 15:08:54.814881,15,,
1029,0,2015-08-28 20:13:42.440135,2015-08-28 20:13:42.440135,15,,
964,4,2015-08-24 15:58:33.37459,2015-08-24 16:10:51.368425,15,,170
965,0,2015-08-24 16:10:52.673315,2015-08-24 16:10:52.673315,15,,
966,4,2015-08-24 19:09:50.41865,2015-08-24 19:25:54.323345,15,,171
967,0,2015-08-24 19:25:54.491959,2015-08-24 19:25:54.491959,15,,
968,0,2015-08-24 19:26:21.356496,2015-08-24 19:26:21.356496,15,,
969,0,2015-08-24 19:26:24.365386,2015-08-24 19:26:24.365386,15,,
970,0,2015-08-24 19:37:58.97783,2015-08-24 19:37:58.97783,15,,
1041,0,2015-08-30 16:02:51.345893,2015-08-30 16:02:51.345893,15,,
971,5,2015-08-24 20:37:13.582174,2015-08-24 20:51:44.382542,15,,172
972,0,2015-08-24 20:51:44.512314,2015-08-24 20:51:44.512314,15,,
973,0,2015-08-24 20:53:24.725083,2015-08-24 20:53:24.725083,15,,
974,0,2015-08-24 20:55:24.922785,2015-08-24 20:55:24.922785,15,,
975,0,2015-08-24 20:55:37.48837,2015-08-24 20:55:37.48837,15,,
976,0,2015-08-24 20:56:07.686817,2015-08-24 20:56:07.686817,15,,
1030,4,2015-08-28 20:13:58.500631,2015-08-29 21:36:23.115822,15,,175
977,3,2015-08-24 21:07:32.003677,2015-08-24 21:28:12.664153,15,,173
978,0,2015-08-24 21:28:12.781511,2015-08-24 21:28:12.781511,15,,
979,0,2015-08-24 21:31:26.319616,2015-08-24 21:31:26.319616,15,,
980,0,2015-08-24 21:31:29.174565,2015-08-24 21:31:29.174565,15,,
981,0,2015-08-24 21:31:39.605109,2015-08-24 21:31:39.605109,15,,
982,0,2015-08-24 21:32:13.544668,2015-08-24 21:32:13.544668,15,,
983,0,2015-08-24 21:32:52.634494,2015-08-24 21:32:52.634494,15,,
1031,0,2015-08-29 21:36:23.317714,2015-08-29 21:36:23.317714,15,,
984,3,2015-08-25 18:11:22.259574,2015-08-25 18:18:59.49144,15,,174
985,0,2015-08-25 18:18:59.689275,2015-08-25 18:18:59.689275,15,,
986,0,2015-08-25 18:19:30.474179,2015-08-25 18:19:30.474179,15,,
987,0,2015-08-25 18:19:34.376112,2015-08-25 18:19:34.376112,15,,
988,0,2015-08-25 18:19:57.023087,2015-08-25 18:19:57.023087,15,,
989,0,2015-08-25 18:21:13.317131,2015-08-25 18:21:13.317131,15,,
990,0,2015-08-25 18:24:47.423148,2015-08-25 18:24:47.423148,15,,
991,0,2015-08-25 20:05:56.906938,2015-08-25 20:05:56.906938,15,,
992,0,2015-08-25 20:35:18.461837,2015-08-25 20:35:18.461837,15,,
993,0,2015-08-27 00:42:31.055619,2015-08-27 00:42:31.055619,15,,
994,0,2015-08-27 21:17:11.183025,2015-08-27 21:17:11.183025,15,,
995,0,2015-08-27 21:17:19.521359,2015-08-27 21:17:19.521359,15,,
996,0,2015-08-27 21:17:46.21606,2015-08-27 21:17:46.21606,15,,
997,0,2015-08-28 17:09:42.378115,2015-08-28 17:09:42.378115,15,,
998,0,2015-08-28 17:19:27.063694,2015-08-28 17:19:27.063694,15,,
999,0,2015-08-28 17:19:45.192483,2015-08-28 17:19:45.192483,15,,
1000,0,2015-08-28 17:20:00.950208,2015-08-28 17:20:00.950208,15,,
1001,0,2015-08-28 18:46:41.473852,2015-08-28 18:46:41.473852,15,,
1002,0,2015-08-28 18:47:00.959951,2015-08-28 18:47:00.959951,15,,
1003,0,2015-08-28 18:47:10.557167,2015-08-28 18:47:10.557167,15,,
1004,0,2015-08-28 19:05:07.258632,2015-08-28 19:05:07.258632,15,,
1005,0,2015-08-28 19:14:03.913067,2015-08-28 19:14:03.913067,15,,
1006,0,2015-08-28 19:14:26.869356,2015-08-28 19:14:26.869356,15,,
1007,0,2015-08-28 19:16:18.798465,2015-08-28 19:16:18.798465,15,,
1008,0,2015-08-28 19:16:30.792032,2015-08-28 19:16:30.792032,15,,
1009,0,2015-08-28 19:16:42.344473,2015-08-28 19:16:42.344473,15,,
1010,0,2015-08-28 19:16:53.010511,2015-08-28 19:16:53.010511,15,,
1011,0,2015-08-28 19:17:04.694153,2015-08-28 19:17:04.694153,15,,
1012,0,2015-08-28 19:17:11.494912,2015-08-28 19:17:11.494912,15,,
1013,0,2015-08-28 19:17:17.28947,2015-08-28 19:17:17.28947,15,,
1014,0,2015-08-28 19:17:28.858848,2015-08-28 19:17:28.858848,15,,
1015,0,2015-08-28 19:17:37.406586,2015-08-28 19:17:37.406586,15,,
1016,0,2015-08-28 19:17:49.354603,2015-08-28 19:17:49.354603,15,,
1017,0,2015-08-28 19:32:02.831853,2015-08-28 19:32:02.831853,15,,
1018,0,2015-08-28 19:32:18.627336,2015-08-28 19:32:18.627336,15,,
1019,0,2015-08-28 19:32:23.899587,2015-08-28 19:32:23.899587,15,,
1020,0,2015-08-28 19:32:35.147567,2015-08-28 19:32:35.147567,15,,
1021,0,2015-08-28 19:32:44.226484,2015-08-28 19:32:44.226484,15,,
1022,0,2015-08-28 19:32:52.050677,2015-08-28 19:32:52.050677,15,,
1023,0,2015-08-28 19:33:08.022693,2015-08-28 19:33:08.022693,15,,
1024,0,2015-08-28 19:33:13.272219,2015-08-28 19:33:13.272219,15,,
1032,0,2015-08-29 21:42:08.946453,2015-08-29 21:42:08.946453,15,,
1033,0,2015-08-30 15:54:43.257938,2015-08-30 15:54:43.257938,15,,
1034,0,2015-08-30 15:54:58.592384,2015-08-30 15:54:58.592384,15,,
1035,0,2015-08-30 15:55:04.34453,2015-08-30 15:55:04.34453,15,,
1036,0,2015-08-30 15:55:47.974057,2015-08-30 15:55:47.974057,15,,
1037,0,2015-08-30 15:57:14.500913,2015-08-30 15:57:14.500913,15,,
1038,0,2015-08-30 15:57:33.093874,2015-08-30 15:57:33.093874,15,,
1039,0,2015-08-30 16:01:53.898109,2015-08-30 16:01:53.898109,15,,
1040,0,2015-08-30 16:02:00.26584,2015-08-30 16:02:00.26584,15,,
1042,0,2015-08-31 14:20:16.046057,2015-08-31 14:20:16.046057,15,,
1043,0,2015-08-31 14:30:53.633713,2015-08-31 14:30:53.633713,15,,
1045,0,2015-08-31 15:13:25.640333,2015-08-31 15:13:25.640333,15,,
1044,3,2015-08-31 14:57:48.671988,2015-08-31 15:13:25.255687,15,,176
1046,0,2015-08-31 15:14:26.827826,2015-08-31 15:14:26.827826,15,,
1047,0,2015-08-31 15:22:13.259375,2015-08-31 15:22:13.259375,15,,
1049,0,2015-08-31 15:32:26.227171,2015-08-31 15:32:26.227171,15,,
1048,5,2015-08-31 15:24:06.575328,2015-08-31 15:32:25.482033,15,,177
1050,0,2015-08-31 15:33:42.785108,2015-08-31 15:33:42.785108,15,,
1051,0,2015-08-31 15:33:44.835184,2015-08-31 15:33:44.835184,15,,
1052,0,2015-08-31 15:54:34.969504,2015-08-31 15:54:34.969504,15,,
1053,0,2015-08-31 16:58:48.203836,2015-08-31 16:58:48.203836,15,,
1054,0,2015-08-31 16:59:16.109785,2015-08-31 16:59:16.109785,15,,
1055,0,2015-08-31 17:36:33.318991,2015-08-31 17:36:33.318991,15,,
1056,0,2015-08-31 17:49:34.864773,2015-08-31 17:49:34.864773,15,,
1057,0,2015-08-31 17:50:08.391823,2015-08-31 17:50:08.391823,15,,
1058,0,2015-08-31 17:51:57.748878,2015-08-31 17:51:57.748878,15,,
1059,0,2015-08-31 19:47:31.758642,2015-08-31 19:47:31.758642,15,,
1060,0,2015-08-31 19:47:59.258414,2015-08-31 19:47:59.258414,15,,
1061,0,2015-08-31 23:27:42.840887,2015-08-31 23:27:42.840887,15,,
1062,0,2015-09-02 19:48:57.784993,2015-09-02 19:48:57.784993,15,,
1063,0,2015-09-02 19:50:29.622521,2015-09-02 19:50:29.622521,15,,
1129,3,2015-09-30 14:55:34.985773,2015-09-30 14:55:44.006092,15,,
1064,3,2015-09-08 13:03:32.581294,2015-09-08 13:23:38.471313,15,,178
1065,0,2015-09-08 13:23:38.635316,2015-09-08 13:23:38.635316,15,,
1066,0,2015-09-08 13:24:53.695127,2015-09-08 13:24:53.695127,15,,
1067,0,2015-09-08 13:54:41.679805,2015-09-08 13:54:41.679805,15,,
1068,4,2015-09-08 14:45:08.437434,2015-09-08 14:48:10.183324,15,,179
1069,0,2015-09-08 14:48:10.765379,2015-09-08 14:48:10.765379,15,,
1070,0,2015-09-08 16:48:20.321615,2015-09-08 16:48:20.321615,15,,
1071,0,2015-09-08 18:05:56.950123,2015-09-08 18:05:56.950123,15,,
1072,0,2015-09-08 18:06:30.245933,2015-09-08 18:06:30.245933,15,,
1073,0,2015-09-08 18:35:10.616013,2015-09-08 18:35:10.616013,15,,
1074,0,2015-09-08 21:34:57.559398,2015-09-08 21:34:57.559398,15,,
1075,0,2015-09-09 20:06:29.982455,2015-09-09 20:06:29.982455,15,,
1076,0,2015-09-09 20:08:17.007391,2015-09-09 20:08:17.007391,15,,
1146,0,2015-10-01 20:09:45.411288,2015-10-01 20:09:45.411288,15,,
1077,3,2015-09-14 20:09:40.056414,2015-09-14 20:15:36.972327,15,,180
1078,0,2015-09-14 20:15:37.403971,2015-09-14 20:15:37.403971,15,,
1130,3,2015-09-30 15:15:48.564223,2015-09-30 15:18:57.831231,15,,187
1079,4,2015-09-14 21:17:57.077224,2015-09-15 01:22:10.877583,15,,181
1080,0,2015-09-15 01:22:11.122283,2015-09-15 01:22:11.122283,15,,
1081,0,2015-09-15 01:25:33.074763,2015-09-15 01:25:33.074763,15,,
1082,0,2015-09-15 01:25:56.857199,2015-09-15 01:25:56.857199,15,,
1083,5,2015-09-18 13:32:40.035047,2015-09-18 14:23:53.354463,15,,
1131,0,2015-09-30 15:18:58.202869,2015-09-30 15:18:58.202869,15,,
1084,5,2015-09-18 16:25:32.167966,2015-09-18 16:49:10.768397,15,,182
1085,0,2015-09-18 16:49:11.265539,2015-09-18 16:49:11.265539,15,,
1086,0,2015-09-18 16:52:46.460063,2015-09-18 16:52:46.460063,15,,
1087,0,2015-09-18 18:31:00.444224,2015-09-18 18:31:00.444224,15,,
1088,0,2015-09-18 18:31:27.621488,2015-09-18 18:31:27.621488,15,,
1132,0,2015-09-30 15:21:12.290164,2015-09-30 15:21:12.290164,15,,
1089,3,2015-09-21 21:10:32.710215,2015-09-22 01:40:16.993613,15,,183
1090,0,2015-09-22 01:40:17.377065,2015-09-22 01:40:17.377065,15,,
1091,0,2015-09-22 01:41:13.551296,2015-09-22 01:41:13.551296,15,,
1092,0,2015-09-22 01:41:42.941053,2015-09-22 01:41:42.941053,15,,
1093,0,2015-09-22 01:42:05.979634,2015-09-22 01:42:05.979634,15,,
1094,0,2015-09-22 01:47:20.612224,2015-09-22 01:47:20.612224,15,,
1095,0,2015-09-22 01:49:24.121325,2015-09-22 01:49:24.121325,15,,
1096,0,2015-09-22 01:51:30.341036,2015-09-22 01:51:30.341036,15,,
1097,0,2015-09-22 01:51:39.158804,2015-09-22 01:51:39.158804,15,,
1098,0,2015-09-22 17:27:35.47637,2015-09-22 17:27:35.47637,15,,
1099,0,2015-09-22 17:28:36.864661,2015-09-22 17:28:36.864661,15,,
1100,0,2015-09-22 17:33:12.926915,2015-09-22 17:33:12.926915,15,,
1101,0,2015-09-22 17:33:42.019154,2015-09-22 17:33:42.019154,15,,
1102,0,2015-09-22 17:34:36.42997,2015-09-22 17:34:36.42997,15,,
1103,0,2015-09-22 17:35:35.019335,2015-09-22 17:35:35.019335,15,,
1104,0,2015-09-22 17:40:10.609711,2015-09-22 17:40:10.609711,15,,
1105,0,2015-09-22 17:42:40.68248,2015-09-22 17:42:40.68248,15,,
1133,0,2015-09-30 15:21:44.232833,2015-09-30 15:21:44.232833,15,,
1106,4,2015-09-22 17:49:06.877792,2015-09-22 18:03:38.110092,15,,184
1107,0,2015-09-22 18:03:38.350253,2015-09-22 18:03:38.350253,15,,
1108,0,2015-09-22 18:04:15.312563,2015-09-22 18:04:15.312563,15,,
1109,0,2015-09-22 18:04:31.322275,2015-09-22 18:04:31.322275,15,,
1110,0,2015-09-22 18:04:35.391913,2015-09-22 18:04:35.391913,15,,
1111,0,2015-09-22 18:04:45.576301,2015-09-22 18:04:45.576301,15,,
1112,0,2015-09-22 18:05:27.636619,2015-09-22 18:05:27.636619,15,,
1113,0,2015-09-22 18:05:36.428818,2015-09-22 18:05:36.428818,15,,
1134,0,2015-09-30 15:37:21.939501,2015-09-30 15:37:21.939501,15,,
1114,3,2015-09-22 18:32:25.917218,2015-09-22 18:34:24.352432,15,,185
1115,0,2015-09-22 18:34:24.49297,2015-09-22 18:34:24.49297,15,,
1116,0,2015-09-22 18:38:24.359867,2015-09-22 18:38:24.359867,15,,
1135,0,2015-09-30 15:37:53.668677,2015-09-30 15:37:53.668677,15,,
1117,2,2015-09-22 18:38:48.660457,2015-09-22 18:41:27.698046,15,,186
1118,0,2015-09-22 18:41:27.79764,2015-09-22 18:41:27.79764,15,,
1119,0,2015-09-22 18:52:08.68105,2015-09-22 18:52:08.68105,15,,
1120,0,2015-09-22 23:36:27.476577,2015-09-22 23:36:27.476577,15,,
1121,0,2015-09-22 23:36:43.423791,2015-09-22 23:36:43.423791,15,,
1122,0,2015-09-24 16:05:52.837888,2015-09-24 16:05:52.837888,15,,
1123,0,2015-09-24 16:06:01.835953,2015-09-24 16:06:01.835953,15,,
1124,0,2015-09-24 16:15:00.150726,2015-09-24 16:15:00.150726,15,,
1125,0,2015-09-24 16:15:12.927175,2015-09-24 16:15:12.927175,15,,
1126,0,2015-09-24 16:16:33.347093,2015-09-24 16:16:33.347093,15,,
1127,0,2015-09-30 14:50:37.52089,2015-09-30 14:50:37.52089,15,,
1128,0,2015-09-30 14:51:36.75831,2015-09-30 14:51:36.75831,15,,
1136,0,2015-09-30 15:48:44.544817,2015-09-30 15:48:44.544817,15,,
1137,0,2015-09-30 15:49:02.963231,2015-09-30 15:49:02.963231,15,,
1138,0,2015-09-30 17:24:08.411845,2015-09-30 17:24:08.411845,15,,
1139,0,2015-09-30 17:25:22.637439,2015-09-30 17:25:22.637439,15,,
1140,0,2015-09-30 21:26:30.990625,2015-09-30 21:26:30.990625,15,,
1141,0,2015-09-30 21:29:07.182028,2015-09-30 21:29:07.182028,15,,
1142,0,2015-09-30 21:29:26.25261,2015-09-30 21:29:26.25261,15,,
1143,0,2015-09-30 21:38:46.770618,2015-09-30 21:38:46.770618,15,,
1144,0,2015-09-30 21:41:00.329177,2015-09-30 21:41:00.329177,15,,
1145,0,2015-09-30 21:56:49.16648,2015-09-30 21:56:49.16648,15,,
1147,0,2015-10-01 20:14:05.901814,2015-10-01 20:14:05.901814,15,,
1149,0,2015-10-03 09:03:22.821344,2015-10-03 09:03:22.821344,21,,
1148,2,2015-10-03 08:45:53.929044,2015-10-03 09:03:19.911926,21,,188
1150,0,2015-10-03 09:04:56.312304,2015-10-03 09:04:56.312304,21,,
1151,0,2015-10-03 09:05:07.90126,2015-10-03 09:05:07.90126,21,,
1153,0,2015-10-03 09:11:44.972913,2015-10-03 09:11:44.972913,21,,
1152,5,2015-10-03 09:06:30.493353,2015-10-03 09:11:42.412717,21,,189
1154,0,2015-10-03 09:12:10.787637,2015-10-03 09:12:10.787637,21,,
1155,4,2015-10-05 23:08:17.179369,2015-10-05 23:08:21.021932,15,,
1157,0,2015-10-06 13:11:51.3328,2015-10-06 13:11:51.3328,15,,
1156,4,2015-10-06 13:06:19.207614,2015-10-06 13:11:51.067052,15,,190
1158,0,2015-10-06 13:25:39.840499,2015-10-06 13:25:39.840499,15,,
1159,0,2015-10-06 13:39:52.094681,2015-10-06 13:39:52.094681,15,,
1160,0,2015-10-06 13:46:23.684477,2015-10-06 13:46:23.684477,15,,
1161,0,2015-10-06 13:46:45.253683,2015-10-06 13:46:45.253683,15,,
1162,0,2015-10-06 13:51:08.583219,2015-10-06 13:51:08.583219,15,,
1163,0,2015-10-06 13:52:03.367924,2015-10-06 13:52:03.367924,15,,
1164,0,2015-10-06 13:53:13.087888,2015-10-06 13:53:13.087888,15,,
1165,0,2015-10-06 13:53:51.073814,2015-10-06 13:53:51.073814,15,,
1166,0,2015-10-06 13:57:52.306633,2015-10-06 13:57:52.306633,15,,
1167,0,2015-10-06 13:59:30.646959,2015-10-06 13:59:30.646959,15,,
1168,0,2015-10-06 14:02:29.464424,2015-10-06 14:02:29.464424,15,,
1169,0,2015-10-06 14:03:27.940886,2015-10-06 14:03:27.940886,15,,
1170,0,2015-10-06 14:19:41.615371,2015-10-06 14:19:41.615371,15,,
1171,0,2015-10-06 14:20:55.752999,2015-10-06 14:20:55.752999,15,,
1172,0,2015-10-06 15:44:18.843971,2015-10-06 15:44:18.843971,15,,
1173,0,2015-10-06 15:44:49.041294,2015-10-06 15:44:49.041294,15,,
1230,0,2015-11-13 06:25:55.137493,2015-11-13 06:25:55.137493,21,,
1174,3,2015-10-06 15:45:47.465539,2015-10-06 15:48:47.853004,15,,191
1175,0,2015-10-06 15:48:47.9589,2015-10-06 15:48:47.9589,15,,
1176,4,2015-10-08 18:50:26.586525,2015-10-08 18:50:33.712196,15,,
1177,5,2015-10-09 20:14:16.081036,2015-10-09 20:32:01.305034,15,,192
1178,0,2015-10-09 20:32:01.532257,2015-10-09 20:32:01.532257,15,,
1179,0,2015-10-09 20:35:13.604301,2015-10-09 20:35:13.604301,15,,
1180,0,2015-10-13 22:23:05.757831,2015-10-13 22:23:05.757831,15,,
1181,0,2015-10-13 22:23:13.491663,2015-10-13 22:23:13.491663,15,,
1182,0,2015-10-13 22:23:27.796762,2015-10-13 22:23:27.796762,15,,
1183,0,2015-10-13 22:25:28.2431,2015-10-13 22:25:28.2431,15,,
1184,0,2015-10-13 22:25:46.579413,2015-10-13 22:25:46.579413,15,,
1185,0,2015-10-13 22:25:52.375226,2015-10-13 22:25:52.375226,15,,
1186,0,2015-10-13 22:26:03.879177,2015-10-13 22:26:03.879177,15,,
1187,0,2015-10-14 17:28:43.319717,2015-10-14 17:28:43.319717,15,,
1189,0,2015-10-14 17:39:28.528872,2015-10-14 17:39:28.528872,15,,
1250,3,2015-11-25 14:33:38.547584,2015-11-25 14:39:48.673624,15,,201
1231,5,2015-11-15 00:25:21.792719,2015-11-15 00:39:43.030878,15,,200
1190,1,2015-10-14 17:40:00.744113,2015-10-14 17:42:23.50349,46,,193
1191,0,2015-10-14 17:42:25.46086,2015-10-14 17:42:25.46086,46,,
1192,0,2015-10-14 17:43:22.447894,2015-10-14 17:43:22.447894,15,,
1193,0,2015-10-14 17:44:12.790896,2015-10-14 17:44:12.790896,46,,
1194,0,2015-10-14 17:47:14.300879,2015-10-14 17:47:14.300879,15,,
1195,0,2015-10-14 17:47:33.090484,2015-10-14 17:47:33.090484,15,,
1232,0,2015-11-15 00:39:43.309359,2015-11-15 00:39:43.309359,15,,
1196,4,2015-10-16 15:34:25.933271,2015-10-16 15:56:07.095533,15,,194
1197,0,2015-10-16 15:56:08.211952,2015-10-16 15:56:08.211952,15,,
1198,0,2015-10-16 16:02:32.301304,2015-10-16 16:02:32.301304,15,,
1199,0,2015-10-16 16:03:20.760897,2015-10-16 16:03:20.760897,15,,
1200,0,2015-10-16 16:07:14.244385,2015-10-16 16:07:14.244385,15,,
1201,0,2015-10-16 16:09:06.993963,2015-10-16 16:09:06.993963,15,,
1233,0,2015-11-15 00:41:03.049386,2015-11-15 00:41:03.049386,15,,
1202,4,2015-10-21 02:12:49.980634,2015-10-21 02:15:53.690778,21,,
1234,0,2015-11-15 00:44:02.995344,2015-11-15 00:44:02.995344,15,,
1203,4,2015-10-26 19:14:41.965176,2015-10-26 19:15:58.417977,15,,
1204,4,2015-10-26 19:19:56.521624,2015-10-26 19:20:08.209743,15,,
1235,0,2015-11-15 00:46:22.947565,2015-11-15 00:46:22.947565,15,,
1205,4,2015-10-26 19:24:43.771163,2015-10-26 20:01:18.38035,15,,195
1206,0,2015-10-26 20:01:19.312348,2015-10-26 20:01:19.312348,15,,
1207,0,2015-10-28 14:53:58.704441,2015-10-28 14:53:58.704441,15,,
1208,0,2015-10-29 15:48:51.409104,2015-10-29 15:48:51.409104,15,,
1209,0,2015-10-29 16:27:09.199879,2015-10-29 16:27:09.199879,15,,
1210,0,2015-10-29 16:27:31.788804,2015-10-29 16:27:31.788804,15,,
1211,0,2015-11-03 15:01:40.448526,2015-11-03 15:01:40.448526,15,,
1236,0,2015-11-15 00:47:45.078191,2015-11-15 00:47:45.078191,15,,
1212,4,2015-11-03 15:04:31.971829,2015-11-03 15:17:17.111874,15,,196
1213,0,2015-11-03 15:17:17.386215,2015-11-03 15:17:17.386215,15,,
1237,0,2015-11-15 01:02:47.15291,2015-11-15 01:02:47.15291,15,,
1214,4,2015-11-03 15:17:52.251059,2015-11-03 15:18:12.056883,15,,197
1215,0,2015-11-03 15:18:12.31434,2015-11-03 15:18:12.31434,15,,
1238,0,2015-11-15 20:20:44.307711,2015-11-15 20:20:44.307711,15,,
1216,4,2015-11-03 15:18:28.546172,2015-11-03 15:21:39.363249,15,,198
1217,0,2015-11-03 15:21:39.662684,2015-11-03 15:21:39.662684,15,,
1239,0,2015-11-15 20:24:27.41421,2015-11-15 20:24:27.41421,15,,
1218,4,2015-11-03 15:22:53.265458,2015-11-03 15:30:39.886458,15,,199
1219,0,2015-11-03 15:30:40.049663,2015-11-03 15:30:40.049663,15,,
1220,0,2015-11-04 00:22:56.922256,2015-11-04 00:22:56.922256,15,,
1221,0,2015-11-04 00:23:24.682852,2015-11-04 00:23:24.682852,15,,
1222,0,2015-11-04 00:25:26.190242,2015-11-04 00:25:26.190242,15,,
1223,0,2015-11-04 00:26:58.448302,2015-11-04 00:26:58.448302,15,,
1224,0,2015-11-04 22:36:45.976913,2015-11-04 22:36:45.976913,15,,
1225,0,2015-11-04 22:41:54.153694,2015-11-04 22:41:54.153694,15,,
1226,0,2015-11-04 22:42:01.971778,2015-11-04 22:42:01.971778,15,,
1227,0,2015-11-05 17:35:28.062993,2015-11-05 17:35:28.062993,15,,
1228,0,2015-11-05 17:36:25.909523,2015-11-05 17:36:25.909523,15,,
1229,0,2015-11-06 08:22:30.992046,2015-11-06 08:22:30.992046,21,,
1240,0,2015-11-15 20:24:40.474357,2015-11-15 20:24:40.474357,15,,
1241,0,2015-11-15 20:26:15.025427,2015-11-15 20:26:15.025427,15,,
1242,0,2015-11-15 20:39:28.416939,2015-11-15 20:39:28.416939,15,,
1243,0,2015-11-15 21:05:11.421702,2015-11-15 21:05:11.421702,15,,
1244,0,2015-11-16 21:03:55.517664,2015-11-16 21:03:55.517664,15,,
1245,0,2015-11-16 21:14:06.023836,2015-11-16 21:14:06.023836,15,,
1246,0,2015-11-16 21:14:10.702481,2015-11-16 21:14:10.702481,15,,
1247,0,2015-11-17 18:12:57.627077,2015-11-17 18:12:57.627077,21,,
1248,0,2015-11-18 15:47:40.99285,2015-11-18 15:47:40.99285,15,,
1249,0,2015-11-20 14:27:15.721652,2015-11-20 14:27:15.721652,15,,
1251,0,2015-11-25 14:39:48.804396,2015-11-25 14:39:48.804396,15,,
